id,domain,status,purchase_price,renewal_price,attractiveness,demand,length,registrar,created_at,expires_at,status_verified_at
80f83082-fd3b-483f-b603-8125911d617f,selina.cruises,available,56.99,56.99,medium,low,6,namesilo,,,01/10/2026 08:36
400e0733-8260-4e56-b210-c27ab72cd53d,fulgid.cruises,available,14.99,81.99,medium,low,6,name.com,,,
dc876491-d86d-4abe-ba70-ddc4de74e851,underestimated.cruises,available,14.99,,medium,low,14,name.com,,,
e810b4a8-47c7-4274-92fb-431655bbc9f5,paired.cruises,available,14.99,81.99,high,low,6,name.com,,,04/09/2026 23:11
9c726c2c-ef1f-4450-b268-b136ebe4f882,viable.cruises,available,14.99,81.99,high,low,6,name.com,,,17/08/2026 16:52
ddda94f9-76a5-48fc-84ab-06816d63105a,pitiful.cruises,available,14.99,81.99,medium,low,7,name.com,,,14/08/2026 02:27
d4bbf12a-6c8d-4193-bc77-70cd23d19949,revolved.cruises,available,44.71,44.71,medium,low,8,spaceship,,,27/09/2026 14:41
cc1a337c-b511-447f-aed1-cc4636de83e3,breasts.cruises,available,14.99,,medium,low,7,name.com,,,
53785e88-248e-4a91-adee-0b1c911e4964,kpa.cruises,available,44.71,44.71,medium,low,3,spaceship,,,28/09/2026 16:13
5dfcfe41-5777-4acb-a888-b711643a23b9,attendants.cruises,available,8.24,44.8,medium,low,10,porkbun,,,01/10/2026 16:38
37af8674-f3ba-4d5e-98f8-0dd894fe051c,skateboarding.cruises,available,14.99,,medium,low,13,name.com,,,
90dc6ca6-ac8e-4b0d-979a-aa498b1ab4e8,linear.cruises,available,14.99,81.99,high,low,6,name.com,,,
77dd4ed5-a031-4a26-ad6c-8796f9c943ff,romanians.cruises,available,8.24,46.23,medium,low,9,dynadot,,,30/09/2026 00:08
deafb914-1fd9-4885-bb73-dfec1cee1fd8,enabling.cruises,available,14.99,81.99,high,low,8,name.com,,,16/08/2026 21:07
2597f76b-b88c-46a3-949f-c21e588906fc,timely.cruises,available,14.99,81.99,high,low,6,name.com,,,06/08/2026 10:08
4826327b-7b18-4ba0-af98-d3c7b39a9891,csa.cruises,available,44.71,44.71,high,low,3,spaceship,,,27/09/2026 17:26
5c569e5f-c7db-4db2-b35b-443f9cec228b,marlene.cruises,available,56.99,56.99,medium,low,7,namesilo,,,28/09/2026 22:01
9df078aa-3716-4653-b6b9-d78aa0d98752,tramontana.cruises,available,54.98,68.98,medium,low,10,namecheap,,,11/09/2026 18:50
9825cf15-6c8c-4c1d-910f-dc59388c4ac3,gaming.cruises,premium,242,242,high,low,6,namesilo,,,29/09/2026 20:33
1645cc94-29c6-4704-b619-6ef85318e145,eerie.cruises,available,14.99,81.99,high,low,5,name.com,,,15/08/2026 12:43
cf39c7a7-413f-4bcf-a1f0-898e8cb53262,unmatched.cruises,available,54.98,68.98,high,low,9,namecheap,,,25/09/2026 17:47
dcc22b89-5bf9-4b89-bb39-02b36a7994c2,felted.cruises,available,14.99,81.99,medium,low,6,name.com,,,18/08/2026 01:00
88b68423-6ce8-43e4-86d3-942599e08431,aureole.cruises,available,54.98,68.98,high,low,7,namecheap,,,21/09/2026 04:18
a04522fe-9a99-473d-b73d-a783b7ac8a2c,prompter.cruises,available,56.99,56.99,high,low,8,namesilo,,,21/09/2026 06:13
2d688922-2ad8-48be-a308-4d64d0caac42,consuming.cruises,available,54.98,68.98,high,low,9,namecheap,,,23/09/2026 21:22
99dc4114-a90b-4126-9c89-0f05cb6d3697,armoire.cruises,available,54.98,68.98,medium,low,7,namecheap,,,20/09/2026 07:20
943b407b-b0e1-4207-9536-dcabd526e77a,ashur.cruises,available,56.99,56.99,medium,low,5,namesilo,,,20/09/2026 13:50
d072942a-c5c1-46fd-937a-89fe9e10a39e,maximilian.cruises,available,56.99,56.99,high,low,10,namesilo,,,27/09/2026 07:16
3c491eda-2404-4ecc-8cda-1b275de2c51a,sad.cruises,available,56.99,56.99,high,low,3,namesilo,,,24/09/2026 05:55
b60231e6-3e3b-434d-bdbc-a9ab074a0fd4,trait.cruises,available,44.71,44.71,high,low,5,spaceship,,,29/09/2026 08:15
14a7249d-e3ef-4992-a04e-12a474217203,share.cruises,available,44.71,44.71,high,medium,5,spaceship,,,29/09/2026 11:30
de832eac-23a9-4445-acf5-8d466cc943a9,chopper.cruises,available,54.98,68.98,high,low,7,namecheap,,,08/09/2026 11:24
422dadb6-eb5b-455e-8939-439390a6ccf8,gushy.cruises,available,14.99,81.99,high,low,5,name.com,,,20/08/2026 21:03
be2cb745-cada-409d-b8ef-acb77ece43a4,kickoff.cruises,available,43.2,43.2,high,low,7,cloudflare,,,01/10/2026 19:02
27530ccc-3338-4dc7-a335-334695d24eca,hollow.cruises,available,14.99,81.99,high,low,6,name.com,,,21/08/2026 10:31
03fd81d2-bb83-4067-bcfe-a5c5bf0c8508,remnant.cruises,available,14.99,81.99,high,low,7,name.com,,,22/08/2026 22:50
6e0c3ea8-8dc9-4911-b9ba-dfb324cd97ed,rasmussen.cruises,available,43.2,43.2,high,low,9,cloudflare,,,28/09/2026 06:07
f61d63a8-71b6-4073-b683-afdd23c6cd2d,ascendancy.cruises,available,56.99,56.99,high,low,10,namesilo,,,20/09/2026 13:06
c747d097-c264-4583-969c-d64750d9a242,predictable.cruises,available,43.2,43.2,high,low,11,cloudflare,,,28/09/2026 15:49
755e1f0f-37db-43e8-9360-7aea5f90ca61,benton.cruises,available,56.99,56.99,high,low,6,namesilo,,,25/09/2026 17:00
5f3f5a3e-ac96-43dd-a9c2-ae0b66cfc75d,betise.cruises,available,54.98,68.98,medium,low,6,namecheap,,,23/09/2026 11:18
fdde03ca-df0b-4326-a043-363791263e71,grind.cruises,available,54.98,68.98,high,low,5,namecheap,,,08/09/2026 21:20
2b152258-7768-4f1c-b73f-b40b68e42df1,bearing.cruises,available,54.98,68.98,high,low,7,namecheap,,,22/09/2026 18:34
24f574dc-f906-48a4-a31e-3ce6ea06c735,knotty.cruises,available,14.99,81.99,medium,low,6,name.com,,,08/08/2026 08:12
8f8345d9-550a-4af2-a57a-398b24b3a456,rhymed.cruises,available,54.98,68.98,medium,low,6,namecheap,,,09/09/2026 16:51
9fcb1033-f3db-4449-9852-204eb65ca77a,policeman.cruises,available,56.99,56.99,high,low,9,namesilo,,,27/09/2026 05:03
fbcdea7d-f487-451e-8c65-f89fecf6cceb,pensions.cruises,available,44.71,44.71,medium,low,8,spaceship,,,02/10/2026 02:45
d368b1e0-38b0-481d-9f04-93b9b7f5a0ce,cuny.cruises,available,56.99,56.99,medium,low,4,namesilo,,,01/10/2026 06:47
fe4901df-02bd-48c7-aad7-d57a3791cc3a,freely.cruises,available,44.71,44.71,high,low,6,spaceship,,,28/09/2026 14:56
ef06cee8-6d51-453e-b58e-c2aadccaef5b,madera.cruises,available,8.24,44.8,medium,low,6,porkbun,,,30/09/2026 12:25
b6ef06b4-8b18-4c21-a240-4e07388b321b,burnish.cruises,available,54.98,68.98,high,low,7,namecheap,,,08/09/2026 23:02
e719fb86-bc98-47ad-b258-73de044a5a34,swine.cruises,available,44.71,44.71,high,low,5,spaceship,,,29/09/2026 02:16
b44ccca7-5276-4aa9-87fa-78e3a1a1ba62,filipino.cruises,premium,78.54,78.54,high,low,8,namesilo,,,18/08/2026 04:19
e7041c88-35af-419f-bfc4-e15b2e61d1d7,muffled.cruises,available,54.98,68.98,medium,low,7,namecheap,,,03/09/2026 10:26
30c61b88-39c0-4d37-8485-4f2b86391020,sugar.cruises,available,56.99,56.99,high,low,5,namesilo,,,29/09/2026 08:02
096e63e4-a7dc-401f-8677-480e38e2ebd3,aristide.cruises,available,44.71,44.71,medium,low,8,spaceship,,,01/10/2026 09:44
80916e3f-27d5-4072-aa16-ddde9dc1c67a,progressively.cruises,available,56.99,56.99,medium,low,13,namesilo,,,30/09/2026 12:19
7c9943be-5377-42dd-8981-a947f86dfbd8,backbone.cruises,available,56.99,56.99,high,low,9,namesilo,,,21/09/2026 15:14
01424daf-842b-4eda-9b29-ce13d4cd5f14,geronimo.cruises,available,54.98,68.98,high,low,8,namecheap,,,30/09/2026 17:28
dca7251e-14fd-4018-a24e-3345fbe8aef7,heating.cruises,available,54.98,68.98,high,low,7,namecheap,,,13/09/2026 08:24
7d0af4c9-cc5c-4254-a1fe-d0ce4782f99e,anatomical.cruises,available,14.99,81.99,medium,low,10,name.com,,,
4a8a5f40-7d9a-48a5-b651-4e2f06c7ef5f,spaulding.cruises,available,44.71,44.71,high,low,9,spaceship,,,29/09/2026 11:11
623c743f-e6df-4b66-93e4-07ef51ef6c9d,audiometer.cruises,available,54.98,68.98,medium,low,10,namecheap,,,21/09/2026 02:58
9b06ce27-f4d1-44f1-bc30-4396d666b3c5,unhealed.cruises,available,54.98,68.98,medium,low,8,namecheap,,,12/09/2026 12:08
068ed3bf-507b-4182-a2e6-c66704b02e74,cliche.cruises,available,56.99,56.99,high,low,6,namesilo,,,23/09/2026 16:07
96f4d4ba-2a8f-44b7-95b5-517abf575941,frowning.cruises,available,14.99,81.99,medium,low,8,name.com,,,18/08/2026 16:40
94de9109-6d72-474e-b1f8-7b9781f5530d,shoe.cruises,available,44.71,44.71,high,low,4,spaceship,,,29/09/2026 03:56
b5ab2a4d-3f69-4ab8-8154-574143135c00,boeing.cruises,available,8.24,46.23,high,low,6,dynadot,,,30/09/2026 20:16
69a6ff14-441c-424e-a4f1-b6f630520615,sars.cruises,available,44.71,44.71,medium,low,4,spaceship,,,29/09/2026 20:17
32d5a854-255c-46f0-8141-67ba1d750963,andhra.cruises,available,44.71,44.71,medium,low,6,spaceship,,,29/09/2026 04:23
d4eca934-d287-451a-806c-0eaeb8fdfabb,rudiments.cruises,available,56.99,56.99,medium,low,9,namesilo,,,22/09/2026 10:41
3e4c7ad4-4b1d-4d11-97f0-bcbb42fd7954,crude.cruises,available,56.99,56.99,high,low,5,namesilo,,,24/09/2026 02:12
a366a257-b987-418a-8f2e-950c88bb96fa,lack.cruises,available,54.98,68.98,medium,low,4,namecheap,,,27/09/2026 03:43
074de703-a7b8-4042-85eb-76187ec8d051,illinois.cruises,available,14.99,81.99,high,low,8,name.com,,,21/08/2026 18:40
d90aa790-feda-4e5d-907d-6ae9f28a2601,carp.cruises,available,44.71,44.71,medium,low,4,spaceship,,,01/10/2026 18:55
a443cc9a-8afb-4145-ba91-40351cd64f0b,forerunners.cruises,available,8.24,44.8,medium,low,11,porkbun,,,01/10/2026 18:42
61d99102-7baa-4c65-ac04-40ae3bc5da3a,mahler.cruises,available,56.99,56.99,medium,low,6,namesilo,,,29/09/2026 01:10
7d7607c2-466e-4e58-9b6a-ba194cae7824,forbearing.cruises,available,14.99,81.99,medium,low,10,name.com,,,18/08/2026 10:57
9410421a-bc02-4884-b739-97f53e3f0060,milled.cruises,available,14.99,81.99,medium,low,6,name.com,,,24/08/2026 23:08
4f498d30-86f5-4e98-a285-642995799fdb,glooming.cruises,available,14.99,81.99,medium,low,8,name.com,,,20/08/2026 14:41
142a2a51-ec26-46b9-8ac2-713134b6c17b,piggy.cruises,available,14.99,81.99,high,low,5,name.com,,,21/08/2026 10:19
8ca22561-b7a5-49f0-8b38-689e2a5a7fdd,consenting.cruises,available,14.99,81.99,high,low,10,name.com,,,12/08/2026 22:35
8438884a-6f7c-47ee-b9f8-be14e739bf9a,arabesque.cruises,available,56.99,56.99,high,low,9,namesilo,,,19/09/2026 23:28
85374175-3cfc-436f-a2de-190d86c72a03,evaluation.cruises,available,44.71,44.71,high,low,10,spaceship,,,01/10/2026 10:32
e76617a0-57e4-46d7-b06f-84cd894f50f6,concourse.cruises,available,43.2,43.2,high,low,9,cloudflare,,,29/09/2026 10:34
9972ffb4-582d-463f-8865-da9b562682e5,bungalow.cruises,available,56.99,56.99,high,low,8,namesilo,,,24/09/2026 11:15
7368f812-85d7-4a9e-ac2d-c9dbcc585c59,dollars.cruises,available,56.99,56.99,high,low,7,namesilo,,,17/09/2026 07:00
5ad722b6-aa76-4c32-a491-f9d612845178,casts.cruises,available,54.98,68.98,medium,low,5,namecheap,,,01/10/2026 00:30
662cd052-0092-4b72-afde-1564b035529b,sized.cruises,available,54.98,68.98,high,low,5,namecheap,,,10/09/2026 09:15
7b16c704-7e16-46df-affe-a6fda4bfcf24,invented.cruises,available,44.71,44.71,high,low,8,spaceship,,,01/10/2026 19:48
15d4488e-922a-4dcd-8d64-b7fb0307e291,navigable.cruises,available,54.98,68.98,high,low,9,namecheap,,,03/09/2026 14:13
bee7fa9c-2872-4712-9261-17a0e0d06310,thorns.cruises,available,43.2,43.2,medium,low,6,cloudflare,,,30/09/2026 23:36
6e72ea50-16d8-47fe-9439-f6fdbc6fde68,monitoring.cruises,available,44.71,44.71,high,low,10,spaceship,,,30/09/2026 05:07
45ab3c2a-ee75-4e5c-ae1a-a494e46790cc,fijian.cruises,premium,118.8,118.8,high,low,6,namesilo,,,18/08/2026 04:02
ab253c56-1939-4c2e-acb3-44c9ee206205,deciding.cruises,available,14.99,81.99,high,low,8,name.com,,,13/08/2026 21:23
532a339d-ecb9-4eab-a013-32022eb8c053,hiemal.cruises,available,14.99,81.99,medium,low,6,name.com,,,11/08/2026 06:40
540bb49d-1976-47b5-8adf-508aae58e35d,moonfish.cruises,available,54.98,68.98,medium,low,8,namecheap,,,20/09/2026 21:37
3774f2fb-e225-4ac6-b3f6-7749145afaef,ridges.cruises,available,8.24,46.23,low,low,6,dynadot,,,30/09/2026 23:22
1ff277ef-8cb0-420f-b67e-623fd2508917,tinned.cruises,available,54.98,68.98,medium,low,6,namecheap,,,11/09/2026 16:17
1b1f4469-bd4b-407c-8416-f7b6da8bf5b5,kosmos.cruises,available,43.2,43.2,high,low,6,cloudflare,,,01/10/2026 18:33
1c4e2396-657f-4eb6-9f87-616819cb7877,rif.cruises,available,56.99,56.99,high,low,3,namesilo,,,30/09/2026 19:40
b9a43e63-0bdd-4991-903c-049c76efe9f0,blacksmith.cruises,available,56.99,56.99,high,low,10,namesilo,,,24/09/2026 03:09
3925a638-026e-4e11-b260-dba1f50fac87,resinated.cruises,available,54.98,68.98,medium,low,9,namecheap,,,09/09/2026 15:09
55fd4fb6-e236-4f77-ae03-7bee126d9767,cone.cruises,available,44.71,44.71,high,low,4,spaceship,,,29/09/2026 10:50
722f1a9d-91e6-4160-a2f1-91cb7a2a4ffe,tellingly.cruises,available,54.98,68.98,medium,low,9,namecheap,,,16/09/2026 08:14
258c9fca-c7b4-410f-9ff8-3062e94cbf8d,helpful.cruises,available,14.99,81.99,high,low,7,name.com,,,21/08/2026 06:37
669b86eb-504e-42cc-b627-e42152efc291,affections.cruises,available,56.99,56.99,medium,low,10,namesilo,,,17/09/2026 07:05
46aefd6c-5881-4b2a-a016-10ccaf4807c6,unsinkable.cruises,available,54.98,68.98,medium,low,10,namecheap,,,12/09/2026 19:58
45154697-4094-4377-8a60-0a4cd5e8ae51,venetian.cruises,available,54.98,68.98,high,low,8,namecheap,,,13/09/2026 02:02
5af09c34-caf3-44e6-b3ad-d61eb3a9ca73,farmhouse.cruises,available,8.24,44.8,high,low,9,porkbun,,,29/09/2026 12:14
a1366a59-e0ba-46d1-8491-fe6e9110e8d6,recalled.cruises,available,56.99,56.99,medium,low,8,namesilo,,,18/09/2026 02:40
63574981-412f-4583-a731-90a9862f83bd,childbirth.cruises,available,14.99,81.99,high,low,10,name.com,,,12/08/2026 05:00
30837bce-4588-49b4-a458-2dcf090fe2c2,metalloid.cruises,available,14.99,81.99,medium,low,9,name.com,,,24/08/2026 21:37
119ab199-83ca-489a-8245-94773c4d187d,bratislava.cruises,available,8.24,44.8,high,low,10,porkbun,,,28/09/2026 13:35
0ca326c3-c7ce-43c9-8fa7-d7019e35039c,unborn.cruises,available,54.98,68.98,high,low,6,namecheap,,,12/09/2026 02:23
24c672fe-5ffb-4863-b8a8-99f251a2a4c3,soprano.cruises,available,54.98,68.98,high,low,7,namecheap,,,10/09/2026 14:24
c3e3e2fb-7b24-4f71-9f61-1cf7cac3073e,sabha.cruises,available,43.2,43.2,medium,low,5,cloudflare,,,29/09/2026 21:35
a6d5d812-d39d-4aad-9d55-c7e8cffde004,surviving.cruises,available,54.98,68.98,high,low,9,namecheap,,,11/09/2026 04:49
d37371a7-e1d6-4313-8db9-0f6c41527315,credendum.cruises,available,56.99,56.99,medium,low,9,namesilo,,,20/09/2026 11:13
13e32e89-970b-446e-bed0-3f396b95ce27,chestnuts.cruises,available,56.99,56.99,medium,low,9,namesilo,,,20/09/2026 20:45
ee33d911-0e43-44a5-903a-69141b3f18a3,byron.cruises,available,8.24,46.23,high,low,5,dynadot,,,28/09/2026 18:32
d803f428-dd1e-4ab0-af13-d930885a761c,hesitate.cruises,available,43.2,43.2,medium,low,8,cloudflare,,,28/09/2026 20:09
11c6157e-7906-4583-bee3-150bcbec954d,neotropical.cruises,available,56.99,56.99,medium,low,11,namesilo,,,01/10/2026 05:24
20434849-63b0-4354-9910-ddb0bd21c3a3,arcadic.cruises,available,56.99,56.99,medium,low,7,namesilo,,,20/09/2026 01:36
7636470c-17d4-4fa9-8029-51ac460afc58,sulfurized.cruises,available,14.99,81.99,medium,low,10,name.com,,,11/09/2026 01:25
b9f72bcf-7bae-4a90-9a49-59273dcf8e7f,monger.cruises,available,56.99,56.99,medium,low,6,namesilo,,,22/09/2026 05:36
67dc700a-8e5b-418c-89c4-92de8d744bfb,witless.cruises,available,54.98,68.98,medium,low,7,namecheap,,,03/09/2026 17:49
050113f4-08f0-41df-89a5-a05bfd8632c8,arms.cruises,available,56.99,56.99,high,low,4,namesilo,,,20/09/2026 07:44
3d0b134d-9f82-45a3-be59-d89385db2d52,swore.cruises,available,8.24,44.8,medium,low,5,porkbun,,,28/09/2026 04:28
0aa77a67-9ecc-47de-9eed-2d4a60caa045,receptors.cruises,available,44.71,44.71,medium,low,9,spaceship,,,01/10/2026 18:02
ec4b52a5-a6fa-459d-a928-557b2d102230,dreyfus.cruises,available,56.99,56.99,medium,low,7,namesilo,,,18/09/2026 06:30
ae77d685-9091-4d48-b699-9dd3f2c61835,slipped.cruises,available,56.99,56.99,high,low,7,namesilo,,,18/09/2026 02:25
09218a4c-adb3-4cc3-81fe-ec86a5a9fccd,safely.cruises,available,54.98,68.98,high,low,6,namecheap,,,16/09/2026 00:26
68372d95-a3eb-4e06-9e47-2743a2706dd0,pact.cruises,available,56.99,56.99,high,low,4,namesilo,,,28/09/2026 06:32
558df855-12ff-4da0-81e3-389305eaf370,uncreative.cruises,available,54.98,68.98,medium,low,10,namecheap,,,12/09/2026 06:24
e710176d-64bd-4ea3-ac34-1728fe4b2b03,comb.cruises,available,56.99,56.99,high,low,4,namesilo,,,24/09/2026 16:22
a08c6689-7182-4b6a-9a2d-eb0a0a2bfb90,storms.cruises,available,56.99,56.99,medium,low,6,namesilo,,,17/09/2026 15:55
12a341ca-dcb5-43a8-b631-a0d3e2493a58,circumcision.cruises,available,56.99,56.99,medium,low,12,namesilo,,,30/09/2026 14:37
01b15772-729b-4e83-a953-b178ef3bfec0,drove.cruises,available,56.99,56.99,high,low,5,namesilo,,,25/09/2026 22:29
a0d2c9c0-9976-4e2b-b7a0-b305e02fdbeb,relocate.cruises,available,44.71,44.71,high,low,8,spaceship,,,29/09/2026 02:47
22dd3a37-3ab0-4edf-9366-bb12e5d8f78c,films.cruises,available,56.99,56.99,medium,low,5,namesilo,,,25/09/2026 17:41
ff31639b-7b95-4eb5-8e2b-968c5b61cbb8,desperation.cruises,available,44.71,44.71,medium,low,11,spaceship,,,29/09/2026 15:57
3a9eaaca-bf27-44f1-a734-c902ffa9ad32,fear.cruises,available,14.99,81.99,high,low,4,name.com,,,24/09/2026 12:06
ec39d4dd-d7d4-4a78-965d-75050b15a15c,buffalo.cruises,available,54.98,68.98,high,low,7,namecheap,,,18/09/2026 19:11
8d8e5b21-6446-4336-8f6f-8806a0518fca,seriously.cruises,available,8.24,44.8,medium,low,9,porkbun,,,28/09/2026 13:17
9146228e-2786-4733-9eaf-5aaaf379ec92,abstinent.cruises,available,14.99,81.99,high,low,9,name.com,,,
0de0c491-d791-480b-b69e-3b9e6661fa22,deist.cruises,available,14.99,81.99,medium,low,5,name.com,,,14/08/2026 00:15
37623154-79bb-402f-99b9-884806ccf84a,goose.cruises,available,56.99,56.99,high,medium,5,namesilo,,,24/09/2026 07:50
3854f5cb-7849-48ac-98c2-4d6b3fdf1e1e,designated.cruises,available,43.2,43.2,medium,low,10,cloudflare,,,28/09/2026 22:42
458a82ba-dbe5-4dd4-92ad-a510e2b6681d,robber.cruises,available,43.2,43.2,medium,low,6,cloudflare,,,28/09/2026 10:50
96d29abf-17a0-4402-81c0-bafbc2dffa72,daringly.cruises,available,54.98,68.98,medium,low,8,namecheap,,,14/09/2026 10:37
b3f3d223-25f1-48ae-b20a-be861d30671c,commenced.cruises,available,43.2,43.2,medium,low,9,cloudflare,,,02/10/2026 02:27
e790a166-d7e0-43e2-a3f0-63dd8526bcad,cartoon.cruises,available,56.99,56.99,high,low,7,namesilo,,,19/09/2026 08:59
2eeafb6e-bb91-4fd7-a1ff-2481a3266f2c,biotic.cruises,available,14.99,81.99,high,low,6,name.com,,,10/08/2026 03:14
3af632a2-fe59-4a20-8a7f-bc4bbcbce152,cereal.cruises,available,14.99,81.99,high,low,6,name.com,,,12/08/2026 00:26
3158065e-432c-4704-8259-637b1c876d69,pusher.cruises,available,56.99,56.99,high,low,6,namesilo,,,21/09/2026 13:22
44cc063a-34bb-493e-8b87-e7c290d69e67,permission.cruises,available,54.98,68.98,high,low,10,namecheap,,,25/09/2026 09:53
a6ad2603-a904-4b99-8160-667f90b1b146,debased.cruises,available,14.99,81.99,medium,low,7,name.com,,,
c8ea4c01-f0a1-44b2-ac05-d111e703e500,swimsuits.cruises,available,14.99,81.99,medium,low,9,name.com,,,18/09/2026 15:44
a3aeb62f-f782-4431-9225-95ab46520060,wifelike.cruises,available,54.98,68.98,medium,low,8,namecheap,,,13/09/2026 00:29
3d415466-77fb-4504-804f-f5c03d3801a7,rashes.cruises,available,54.98,68.98,low,low,6,namecheap,,,19/09/2026 21:50
7d048fce-1c7b-4558-9571-7e4e06b25816,agamic.cruises,available,14.99,81.99,medium,low,6,name.com,,,
7daec689-055d-447a-8a05-77ef3baacf8e,aquila.cruises,available,56.99,56.99,medium,low,6,namesilo,,,19/09/2026 23:12
0e02240d-3bc4-45b5-947f-03b8e17c0085,deceiving.cruises,available,56.99,56.99,medium,low,9,namesilo,,,02/10/2026 01:33
49ac2728-8ec3-4ece-a4ce-d4cba5753083,scouser.cruises,available,14.99,81.99,medium,low,7,name.com,,,24/08/2026 08:11
266736d5-d8af-42da-a210-b5377601e889,boyish.cruises,available,14.99,81.99,high,low,6,name.com,,,11/08/2026 00:04
76f93986-ec88-4f93-a6a4-04366b07dfdd,medially.cruises,available,54.98,68.98,medium,low,8,namecheap,,,15/09/2026 13:54
9b96cf43-a942-4f48-95ef-81c1f5fedd1b,drs.cruises,available,43.2,43.2,medium,low,3,cloudflare,,,28/09/2026 22:08
37147f2f-c2ce-4ba2-835e-e92565eae798,queue.cruises,available,43.2,43.2,high,low,5,cloudflare,,,01/10/2026 03:23
7e2c75a6-8784-4b3a-b332-789e3cf1a637,absurdity.cruises,available,54.98,68.98,medium,low,9,namecheap,,,16/09/2026 18:39
fc087537-1755-4ef5-9b2c-c02c496b2858,kanaf.cruises,available,56.99,56.99,medium,low,5,namesilo,,,23/09/2026 16:56
36a2f029-0dfa-4d61-9577-c40380012321,host.cruises,available,14.99,81.99,high,medium,4,name.com,,,22/08/2026 23:02
309583c6-167e-4188-ad24-d1b417ccad61,resting.cruises,available,44.71,44.71,high,low,7,spaceship,,,28/09/2026 04:49
b3c23475-7669-4a3f-9076-3ec593905f2f,antsy.cruises,available,14.99,81.99,medium,low,5,name.com,,,05/08/2026 20:27
5049ca0d-b081-4991-a838-cc6cfe8ddfb0,than.cruises,available,44.71,44.71,high,low,4,spaceship,,,30/09/2026 23:17
e41cfb72-a6b0-47b5-b5d0-67ff94acf804,seasick.cruises,available,14.99,81.99,high,low,7,name.com,,,
16aa31c0-c6dc-4c70-a95a-e81b0e43b6cb,ghastly.cruises,available,14.99,81.99,medium,low,7,name.com,,,12/08/2026 02:39
40a088b2-11b0-4c93-82fe-53bf36075e9e,sexless.cruises,available,54.98,68.98,medium,low,7,namecheap,,,10/09/2026 05:17
97874c1b-3f13-4e53-a395-7f704dc4c34b,agaricus.cruises,available,56.99,56.99,medium,low,8,namesilo,,,17/09/2026 16:23
048c327e-3be7-4723-9dca-4308f335571f,passport.cruises,available,56.99,56.99,high,low,8,namesilo,,,27/09/2026 04:57
387d6b16-e823-4d52-a4e3-7033090163b2,loan.cruises,available,56.99,56.99,high,low,4,namesilo,,,25/09/2026 09:02
069622e1-0979-4064-a121-ca66dceb5855,mass.cruises,available,56.99,56.99,high,low,4,namesilo,,,01/10/2026 08:49
a1db71de-b222-46c7-bc53-6e96016d8acf,olof.cruises,available,56.99,56.99,medium,low,4,namesilo,,,02/10/2026 00:16
10d352f6-1ae7-4cde-b72d-a6d1c3b2e35e,corners.cruises,available,56.99,56.99,low,low,7,namesilo,,,28/09/2026 08:44
b4e91297-14e9-4e93-8088-b87076b6987d,coniferous.cruises,available,14.99,81.99,high,low,10,name.com,,,12/08/2026 20:37
fde8645c-512c-4111-babb-1339f39522d5,papaw.cruises,available,54.98,68.98,medium,low,5,namecheap,,,20/09/2026 14:12
14871c95-fd71-42f8-a707-f213d8b7c8f5,replacement.cruises,available,14.99,,high,low,11,name.com,,,
7a15553e-7639-4cc8-9c8d-c56d468c2dd4,hoffman.cruises,available,56.99,56.99,high,low,7,namesilo,,,25/09/2026 05:04
b8d95ddb-e63a-4280-8c47-32ae75b40421,antipope.cruises,available,54.98,68.98,medium,low,8,namecheap,,,19/09/2026 15:00
18b827d0-d007-4fc3-91cb-471109fbe50f,niggers.cruises,available,56.99,56.99,low,low,7,namesilo,,,16/09/2026 14:20
b9484191-8fe4-4f34-8f04-e00ff43e3312,atop.cruises,available,56.99,56.99,medium,low,4,namesilo,,,28/09/2026 13:10
0e245f66-8a49-442a-9ee5-cdf8f80bc4fe,jillion.cruises,available,54.98,68.98,medium,low,7,namecheap,,,11/09/2026 19:52
ae6c14ca-d26a-463e-bf14-b6b3d4d0805b,committee.cruises,available,44.71,44.71,high,low,9,spaceship,,,29/09/2026 09:31
141893d2-5d24-4b73-9d54-9a3cc3a184f6,institutional.cruises,available,54.98,68.98,medium,low,13,namecheap,,,01/10/2026 06:16
e42ed7d3-fed1-4ef9-9956-aa58358f9db0,duval.cruises,available,8.24,46.23,medium,low,5,dynadot,,,28/09/2026 11:57
c5db84bf-df71-4313-a516-c57d8a518e45,censure.cruises,available,54.98,68.98,medium,low,7,namecheap,,,19/09/2026 08:29
25e001b0-17ed-4cb3-b869-0c9f665a2166,veronal.cruises,available,56.99,56.99,medium,low,7,namesilo,,,22/09/2026 04:56
d3105777-3a93-46ef-acd0-d61ea52927f9,achievable.cruises,available,56.99,56.99,high,low,10,namesilo,,,21/09/2026 15:42
6a435fb3-0b8a-41e4-ac55-c394b205c1a9,marched.cruises,available,44.71,44.71,medium,low,7,spaceship,,,29/09/2026 10:58
2e069116-7266-41bd-81d2-5e491ad8b173,brainstorm.cruises,available,56.99,56.99,high,low,10,namesilo,,,24/09/2026 08:05
a6d3c4e2-f080-4048-a3f9-64ea90cece4b,himalayan.cruises,available,14.99,81.99,high,low,9,name.com,,,21/08/2026 09:25
00e7a9f7-6d26-44a1-8e4b-d3491ea53183,stones.cruises,available,54.98,68.98,medium,low,6,namecheap,,,26/09/2026 03:37
a7d59724-7c65-462a-b621-c41fd8506a5d,metabolic.cruises,available,14.99,81.99,high,low,9,name.com,,,24/08/2026 21:26
fca05635-4005-4c58-a995-de781d5c4572,experimenters.cruises,available,44.71,44.71,medium,low,13,spaceship,,,02/10/2026 03:51
d8732cdc-ac97-4de7-bbd4-a54d407aa405,oldest.cruises,available,44.71,44.71,high,low,6,spaceship,,,01/10/2026 19:28
0ba7e605-4511-4974-91ed-0dbff8e7a52e,chamfer.cruises,available,56.99,56.99,medium,low,7,namesilo,,,23/09/2026 12:00
8565950c-7d81-48cf-b918-5a95e8c5a183,invading.cruises,available,14.99,81.99,medium,low,8,name.com,,,22/08/2026 02:12
c8581fa3-bde1-4572-aad3-74f20f21ea89,indefinitely.cruises,available,8.24,44.8,medium,low,12,porkbun,,,28/09/2026 22:50
75a0071b-a361-4cb6-89f9-3f3c50f01372,plumy.cruises,available,14.99,81.99,medium,low,5,name.com,,,18/08/2026 00:25
5f170c72-4f92-4abf-8e0d-605a4a3246a1,brookes.cruises,available,56.99,56.99,high,low,7,namesilo,,,30/09/2026 22:15
2c575596-8cd3-4698-ae14-90d1c9498a34,arability.cruises,available,56.99,56.99,medium,low,9,namesilo,,,19/09/2026 23:32
9025ffc4-5385-467d-8643-d9cee2c4031d,interpreter.cruises,available,44.71,44.71,high,low,11,spaceship,,,29/09/2026 08:27
5ba132e9-5f57-4387-bc07-fbb8430604d8,devoutly.cruises,available,54.98,68.98,medium,low,8,namecheap,,,14/09/2026 12:30
2ef90dff-5d7f-489f-aa94-e2a23c40dfe4,asian.cruises,premium,242,242,high,low,5,namesilo,,,29/09/2026 09:41
4ddb9d91-47d9-449d-81c8-f53330eb6672,frizzy.cruises,available,14.99,81.99,medium,low,6,name.com,,,18/08/2026 16:08
42e8bcdf-bdab-4b7f-8aa6-d639117653b7,record.cruises,available,54.98,68.98,high,low,6,namecheap,,,24/09/2026 19:29
bd465bfc-29e2-4e87-8771-2236ee89dc7d,back.cruises,available,56.99,56.99,high,low,4,namesilo,,,22/09/2026 15:40
7ded89b9-e3f3-47d0-8e83-164bce9e2090,cervine.cruises,available,14.99,81.99,medium,low,7,name.com,,,12/08/2026 01:00
342e93ba-f77b-4ae5-9e88-e6f435aaf89d,impromptu.cruises,available,14.99,81.99,high,low,9,name.com,,,
cc7d073a-0b36-4394-825e-0f083e752396,boiling.cruises,available,54.98,68.98,high,low,7,namecheap,,,14/09/2026 00:51
9cd2aeb8-3243-40df-90b9-54ca7b29ba11,witchcraft.cruises,available,8.24,44.8,high,low,10,porkbun,,,28/09/2026 11:06
6bbb5e2a-3dd0-44eb-85e4-290989707f65,grower.cruises,available,14.99,81.99,high,low,6,name.com,,,17/09/2026 19:21
f193b096-a751-4387-9c3b-3c0914ad0dd2,potent.cruises,available,54.98,68.98,high,low,6,namecheap,,,09/09/2026 00:48
415276e5-02a1-48f3-b640-e2f4468b62cd,ics.cruises,available,8.24,44.8,high,low,3,porkbun,,,28/09/2026 21:49
c9def9a4-12e3-45de-b12b-d7189b7fda2d,covert.cruises,available,56.99,56.99,high,low,6,namesilo,,,24/09/2026 00:53
d94d20ff-1bce-470f-ae68-3c5ebe6e9f2c,angry.cruises,available,14.99,81.99,high,low,5,name.com,,,
aea8d2e7-2766-4c00-9e6a-aae50564d696,colossal.cruises,available,14.99,81.99,high,low,8,name.com,,,12/08/2026 17:57
b1855065-970d-4b92-8a44-c5fb3fb0c664,unary.cruises,available,54.98,68.98,medium,low,5,namecheap,,,12/09/2026 01:06
d71b7bd7-5f7b-498a-9007-7459c0650a6a,broadloom.cruises,available,14.99,81.99,medium,low,9,name.com,,,11/08/2026 04:59
d4a04936-0575-4101-a04f-8e828f197c47,ancona.cruises,available,56.99,56.99,high,low,6,namesilo,,,30/09/2026 03:22
d1b11f66-c7c8-4cec-8228-e0c93652a8b9,rabid.cruises,available,14.99,81.99,medium,low,5,name.com,,,17/08/2026 21:52
0f2fcd94-f8c3-4552-bebb-b8086de2c413,summers.cruises,available,44.71,44.71,high,low,7,spaceship,,,29/09/2026 05:53
d4d613d0-a9c9-44eb-ae95-f756893f7168,stuart.cruises,available,56.99,56.99,high,low,6,namesilo,,,25/09/2026 22:59
0615b865-450e-4e3a-8709-7d401adb0859,sharps.cruises,available,54.98,68.98,medium,low,6,namecheap,,,20/09/2026 09:14
5f6754b6-a878-492e-be02-b753f69cd76b,adorer.cruises,available,56.99,56.99,medium,low,6,namesilo,,,17/09/2026 09:45
1d3042c1-5a77-421c-935c-a93dd3bf86fa,cream.cruises,available,56.99,56.99,high,low,5,namesilo,,,01/10/2026 02:33
229cc73d-9d0c-4d11-8b7a-cd9c0e8baa61,minutely.cruises,available,54.98,68.98,medium,low,8,namecheap,,,15/09/2026 15:04
b7c40afd-874f-4c78-bbb1-fa1c7fa07f12,nth.cruises,available,54.98,68.98,medium,low,3,namecheap,,,03/09/2026 12:35
496bc28c-0f14-4392-ade6-94638e1bc10f,gemmed.cruises,available,14.99,81.99,medium,low,6,name.com,,,18/08/2026 21:08
b398ce73-6796-46ed-8e63-004f2cea2b16,georges.cruises,available,56.99,56.99,medium,low,7,namesilo,,,25/09/2026 15:05
89a1ab56-4d72-4bd3-bfe2-c6541cb64705,ashram.cruises,available,54.98,68.98,high,low,6,namecheap,,,20/09/2026 13:58
f4708aaf-2e7d-434f-8a60-216a599be643,addicts.cruises,available,44.71,44.71,medium,low,7,spaceship,,,01/10/2026 00:46
964eaa1e-fcea-4fbc-8266-fc20aad1dde2,aspartame.cruises,available,56.99,56.99,medium,low,9,namesilo,,,20/09/2026 14:43
057518d3-b580-4cf8-88d1-446bae65567e,sawyer.cruises,available,44.71,44.71,high,low,6,spaceship,,,01/10/2026 03:36
cca139ea-a218-4998-8206-bbf068432488,wards.cruises,available,56.99,56.99,medium,low,5,namesilo,,,30/09/2026 06:54
bc412b28-6179-4dcb-ae5e-dd6a0f53c836,disclosure.cruises,available,43.2,43.2,high,low,10,cloudflare,,,27/09/2026 13:47
c5b49d1c-7945-42fb-84aa-6442759b460c,tigerish.cruises,available,54.98,68.98,medium,low,8,namecheap,,,11/09/2026 15:51
0b5e486f-959a-45b9-bffa-b29c62b6342b,decompression.cruises,available,8.24,44.8,medium,low,13,porkbun,,,02/10/2026 01:28
df27d55f-a440-488a-a425-6bcb10517567,investments.cruises,available,44.71,44.71,high,low,11,spaceship,,,01/10/2026 14:48
f5969c5c-1912-486b-b7a0-ad9697b05b33,retard.cruises,available,14.99,81.99,high,low,6,name.com,,,21/08/2026 20:33
b15134e0-821e-4b93-a495-a5c11aba4973,closing.cruises,available,54.98,68.98,high,low,7,namecheap,,,08/09/2026 06:59
18230932-32cd-412d-9d59-4fd3c4fa8cf6,brim.cruises,available,56.99,56.99,high,low,4,namesilo,,,24/09/2026 10:24
0a3c4abb-0f8d-4d71-8fb9-ee765a2b19e7,bake.cruises,available,54.98,68.98,high,low,4,namecheap,,,30/09/2026 15:33
e732c21d-a260-4c6c-99d0-f1258b9246b4,urgent.cruises,available,56.99,56.99,high,low,6,namesilo,,,27/09/2026 06:05
650cb5d9-d362-495a-a07e-77c74df01d6a,pablo.cruises,available,44.71,44.71,high,low,5,spaceship,,,28/09/2026 11:58
770aa53c-a926-4b27-9f0c-0f90cfa2d5fa,reverse.cruises,available,56.99,56.99,high,low,7,namesilo,,,23/09/2026 22:34
cd012bfe-9119-4c56-9fcd-c54f04c718b6,composition.cruises,available,8.24,46.23,medium,low,11,dynadot,,,28/09/2026 22:45
d0d60a78-fb34-4ab8-8052-9025c32bfbe0,hofmann.cruises,available,8.24,46.23,high,low,7,dynadot,,,29/09/2026 09:12
956855fd-1a58-4434-9143-ae114d1133fc,sling.cruises,available,44.71,44.71,high,low,5,spaceship,,,29/09/2026 18:16
aac398ba-c419-400d-a8e0-afd315bc4af4,retentive.cruises,available,54.98,68.98,medium,low,9,namecheap,,,09/09/2026 11:47
0feb80e8-6849-4078-9a61-54c49a512418,hydrostatic.cruises,available,43.2,43.2,medium,low,11,cloudflare,,,02/10/2026 01:37
ee84a0bc-15fc-4771-89a8-af2d53627b45,anyhow.cruises,available,54.98,68.98,medium,low,6,namecheap,,,13/09/2026 20:11
7da922cf-5fce-4140-9061-bbbf0a4e5a7f,basis.cruises,available,56.99,56.99,high,low,5,namesilo,,,29/09/2026 01:24
4886e861-6e29-4784-adf2-73e7dcaebe36,supernal.cruises,available,54.98,68.98,medium,low,8,namecheap,,,11/09/2026 02:23
c326b9aa-f980-4703-8879-2813217a0aa3,aare.cruises,available,56.99,56.99,medium,low,4,namesilo,,,16/09/2026 13:18
62f121f6-073a-4add-b877-02588ddee6c5,bemock.cruises,available,14.99,81.99,medium,low,6,name.com,,,25/08/2026 02:26
f92d98b1-3051-4b22-b9f5-900b2112cc6c,unsullied.cruises,available,54.98,68.98,medium,low,9,namecheap,,,10/09/2026 18:19
9e434925-8c6b-417f-8541-712d97b7c951,eye.cruises,premium,118.8,118.8,high,low,3,namesilo,,,23/09/2026 13:32
0ff10a71-d3fa-4e11-9919-55292f9857a2,abscissa.cruises,available,56.99,56.99,medium,low,8,namesilo,,,16/09/2026 17:32
cad89b43-3e38-4469-a3a0-873e748d3abe,willa.cruises,available,54.98,68.98,medium,low,5,namecheap,,,01/10/2026 09:55
2aa3a587-ead0-40b6-aee8-ee8678a012ad,fungus.cruises,available,54.98,68.98,medium,low,6,namecheap,,,28/09/2026 14:14
2bcd451d-e31f-4838-9ab9-8e0f3b871b97,barometric.cruises,available,14.99,81.99,medium,low,10,name.com,,,08/08/2026 20:06
af5774a0-3d8c-4c37-aa7d-4009a2081f8b,antennaria.cruises,available,54.98,68.98,medium,low,10,namecheap,,,19/09/2026 12:52
e0fa9795-9717-42b4-9941-b2c1a5fc4804,inbuilt.cruises,available,14.99,81.99,high,low,7,name.com,,,11/08/2026 08:08
f6830221-8820-4d76-835c-422055c58f02,alternatively.cruises,available,54.98,68.98,medium,low,13,namecheap,,,16/09/2026 12:44
35914df7-890a-405c-b687-cf5168d963d2,unstable.cruises,available,14.99,81.99,high,low,8,name.com,,,18/08/2026 09:17
1f22e3e5-15db-4236-9a2c-dc337d488dda,vexatious.cruises,available,14.99,81.99,medium,low,9,name.com,,,
79c7b8b4-6de3-452b-8a5d-5b37e279d16f,peril.cruises,available,56.99,56.99,high,low,5,namesilo,,,30/09/2026 17:11
b731b500-14c0-4345-95dc-7e1704e652fa,relativity.cruises,available,8.24,46.23,high,low,10,dynadot,,,29/09/2026 12:09
a7bbc1bf-b1b6-4bbb-be5e-010584fdeb0a,ebonics.cruises,available,14.99,81.99,medium,low,7,name.com,,,16/09/2026 13:39
9b6a9b36-b203-4aa2-b943-2b06f73f5698,gaslighter.cruises,available,14.99,,medium,low,11,name.com,,,
9c51386d-8aa0-47c9-9c4e-a97c3d3476af,beverley.cruises,available,44.71,44.71,medium,low,8,spaceship,,,29/09/2026 00:09
4f5f15c6-c01e-473c-80fc-40618f10acbf,paradise.cruises,resell,,,high,low,8,Porkbun LLC,19/01/2021 15:27,19/01/2027 15:27,26/09/2026 08:01
9f88cb63-651a-457f-87e9-78a5785a2f6a,emeer.cruises,available,54.98,68.98,medium,low,5,namecheap,,,18/09/2026 18:00
261b0382-6cd1-4026-8756-c044c4c8cf5c,mechanized.cruises,available,56.99,56.99,medium,low,10,namesilo,,,19/09/2026 16:26
abbd3dce-cfc9-4874-ab41-74f28a1a223e,worthful.cruises,available,54.98,68.98,medium,low,8,namecheap,,,13/09/2026 13:26
4b057ab6-71b5-4100-96b5-2e7fcdbadb9e,benzyl.cruises,available,56.99,56.99,high,low,6,namesilo,,,23/09/2026 09:03
35de13af-7d7c-4d5f-affb-4dc2c85c83ba,choral.cruises,available,14.99,81.99,high,low,6,name.com,,,12/08/2026 07:03
6e71b639-0159-46ac-9a8f-1d9333228c51,safety.cruises,available,54.98,68.98,high,low,6,namecheap,,,08/09/2026 08:04
db10b29f-bf2e-4b6b-b841-a32e3543593b,sounding.cruises,available,56.99,56.99,high,low,8,namesilo,,,25/09/2026 14:20
cae248b9-94e0-4feb-b97c-92ac633be0b2,lega.cruises,available,56.99,56.99,high,low,4,namesilo,,,30/09/2026 21:45
79abccdd-ae8a-4673-be6b-61d30656b367,advertiser.cruises,available,56.99,56.99,high,low,10,namesilo,,,17/09/2026 08:38
f12154a0-743f-42f0-85ed-66c74b7d528e,greens.cruises,available,44.71,44.71,high,low,6,spaceship,,,29/09/2026 21:34
bfa0f5a2-2883-49db-afd4-31eecc63b419,brushed.cruises,available,14.99,81.99,high,low,7,name.com,,,11/08/2026 06:58
4875c32a-f9ef-4170-997e-dd1e235598b6,kinsey.cruises,available,56.99,56.99,high,low,6,namesilo,,,18/09/2026 06:26
712d81da-2a01-4aa3-8932-b03a1ae9cd94,shenandoah.cruises,available,44.71,44.71,medium,low,10,spaceship,,,27/09/2026 21:14
5d56da3a-61d9-47a2-ba27-7f5b6a6b8dda,backchat.cruises,available,56.99,56.99,medium,low,8,namesilo,,,21/09/2026 15:20
9c43ab6e-1dd5-4eb0-a1fa-ea60b37be6b4,panicked.cruises,available,14.99,81.99,medium,low,8,name.com,,,05/09/2026 00:57
4976f831-fa6a-49ab-be28-478debd384ce,defending.cruises,available,14.99,81.99,high,low,9,name.com,,,13/08/2026 23:13
a23169e4-7fe8-4783-8675-4d7e80599a42,virile.cruises,available,14.99,81.99,high,low,6,name.com,,,13/09/2026 06:04
8d08cdd2-7354-4bf6-9cef-9420862e879e,adolescence.cruises,available,43.2,43.2,medium,low,11,cloudflare,,,30/09/2026 14:46
9c5665e5-b792-4359-87b6-e26382eda5de,kate.cruises,available,56.99,56.99,high,low,4,namesilo,,,25/09/2026 12:02
56373688-36b4-41f8-9faa-65297f181b89,fully.cruises,available,14.99,81.99,high,low,5,name.com,,,18/08/2026 17:52
f25e3876-219c-4a01-81e2-a113c26d334d,wilkins.cruises,available,56.99,56.99,medium,low,7,namesilo,,,25/09/2026 22:55
76db5d5c-0a23-45b9-9865-1fe0d29fccb9,hornless.cruises,available,14.99,81.99,medium,low,8,name.com,,,21/08/2026 14:06
778f7cd5-adf4-4892-84c2-e99e2a98201f,scattered.cruises,available,14.99,81.99,medium,low,9,name.com,,,14/08/2026 11:23
238137c7-d8ec-421d-8e3c-e99a62fee395,impish.cruises,available,14.99,81.99,medium,low,6,name.com,,,21/08/2026 22:23
112c0aee-74e6-425f-b535-1b178164080e,occident.cruises,available,54.98,68.98,medium,low,8,namecheap,,,13/09/2026 10:49
cbc412c8-72e6-4415-8e90-ef139202e60e,aspic.cruises,available,56.99,56.99,medium,low,5,namesilo,,,20/09/2026 15:11
8642d8e4-96eb-4387-9e85-f4fff8809b0c,cohesive.cruises,available,14.99,81.99,high,low,8,name.com,,,12/08/2026 16:05
f3d7c7a7-eb75-4804-963a-86faf1103753,michelangelo.cruises,available,54.98,68.98,high,low,12,namecheap,,,30/09/2026 21:07
082bc951-a9e6-48e9-83f1-8f0b5650329f,seams.cruises,available,44.71,44.71,medium,low,5,spaceship,,,02/10/2026 03:30
50f757bb-45f8-46df-b7cb-4a4ce61ab118,jimmie.cruises,available,43.2,43.2,medium,low,6,cloudflare,,,28/09/2026 17:18
8a08e9f0-b542-4bf4-a0a5-6e3a00c1d5d0,bellboy.cruises,available,56.99,56.99,high,low,7,namesilo,,,23/09/2026 05:55
7d98f369-3c09-4e87-ab1d-f16a41eb4597,zaman.cruises,available,56.99,56.99,high,low,5,namesilo,,,18/09/2026 03:15
4d3c52b4-ac84-4ead-ac0f-1fb419b46d20,dsc.cruises,available,8.24,46.23,high,low,3,dynadot,,,29/09/2026 21:44
91ba4402-fe88-464d-903d-68e291bb5d63,shockingly.cruises,available,54.98,68.98,medium,low,10,namecheap,,,16/09/2026 01:31
f707d17a-5f11-4650-ba93-139fbadfe0ff,mutation.cruises,available,14.99,81.99,high,low,8,name.com,,,03/09/2026 11:41
f2ea5c2b-ee53-4458-aa3b-62a8a3d8cba6,notebook.cruises,available,54.98,68.98,high,low,8,namecheap,,,28/09/2026 10:36
df633479-1ba2-4d27-9646-9c399c0b66b8,regiment.cruises,available,8.24,46.23,medium,low,8,dynadot,,,28/09/2026 20:17
5c4627c9-ee11-4af5-8fce-f58935eb1d77,horus.cruises,available,8.24,44.8,high,low,5,porkbun,,,30/09/2026 17:39
7579a9a5-32be-45ef-b2d7-82eca7291c56,jolson.cruises,available,56.99,56.99,medium,low,6,namesilo,,,18/09/2026 01:21
649ce151-2732-4522-85a4-4d92df08faeb,nightingale.cruises,available,56.99,56.99,high,low,11,namesilo,,,30/09/2026 03:17
0a4abe3d-c878-4743-8921-f58f3161284b,boy.cruises,available,54.98,68.98,high,low,3,namecheap,,,29/09/2026 03:52
058826d7-df92-4872-8431-c35ef6e5dd47,bagatelle.cruises,available,54.98,68.98,high,low,9,namecheap,,,21/09/2026 17:53
4ac73029-c0fa-451c-b39d-a5f667604a36,revision.cruises,available,44.71,44.71,high,low,8,spaceship,,,29/09/2026 20:11
0fd392be-2bc8-4214-a4d4-84c857431d22,christmas.cruises,premium,414.2,414.2,high,low,9,spaceship,,,29/09/2026 09:08
d57d76f4-30f1-4c2b-92c3-6b254b4cfb9d,advising.cruises,available,54.98,68.98,high,low,8,namecheap,,,29/09/2026 20:50
db162a39-0bae-4969-bd86-f7fb11b12c6e,birches.cruises,available,56.99,56.99,medium,low,7,namesilo,,,20/09/2026 07:32
b18e1120-f32c-42b9-8ba4-6acfe48db2f7,anklet.cruises,available,56.99,56.99,high,low,6,namesilo,,,19/09/2026 09:41
86283354-0282-43b3-b605-9854087d3f49,negotiation.cruises,available,8.24,44.8,high,low,11,porkbun,,,30/09/2026 19:24
598d048a-9040-4465-9c64-3becd1e79bec,nathaniel.cruises,available,54.98,68.98,medium,low,9,namecheap,,,25/09/2026 14:50
1dedaebf-303f-422a-a7ae-b3f4c88f49b3,grey.cruises,available,54.98,68.98,high,low,4,namecheap,,,08/09/2026 07:08
945737a2-ccd9-4c9d-9c51-9feb01b36895,leadless.cruises,available,14.99,81.99,medium,low,8,name.com,,,22/08/2026 21:48
0690d33a-08b8-4954-ba3b-3b61ab7b353d,stations.cruises,available,56.99,56.99,high,low,8,namesilo,,,30/09/2026 11:51
464dcdd5-dc57-4d05-9bb1-61d4719c96e5,bihari.cruises,available,56.99,56.99,medium,low,6,namesilo,,,23/09/2026 15:31
bc078765-9fb4-4be7-b134-25b8a1d16536,patron.cruises,available,43.2,43.2,high,low,6,cloudflare,,,28/09/2026 14:14
3a99bc89-f6a5-415a-b5bf-5bf688e284ac,pretoria.cruises,available,43.2,43.2,high,low,8,cloudflare,,,29/09/2026 06:55
d1499a9c-9936-405c-8f81-5d3a52997e45,masturbation.cruises,available,54.98,68.98,medium,low,12,namecheap,,,30/09/2026 14:21
eabb5004-6b7c-4a94-8226-4a1b7a40ab0d,autarky.cruises,available,56.99,56.99,medium,low,7,namesilo,,,21/09/2026 05:04
326593d2-1ce9-4e4e-946e-cd1d44515eac,whir.cruises,available,54.98,68.98,medium,low,4,namecheap,,,13/09/2026 11:30
0ed67264-87a1-4cba-9098-d73870368686,credit.cruises,available,44.71,44.71,high,low,6,spaceship,,,29/09/2026 09:26
999aa0ec-28e7-4c37-9c24-23108d06c1c0,hurling.cruises,available,8.24,46.23,medium,low,7,dynadot,,,01/10/2026 20:01
6f9d7978-5e67-4b67-85b6-0170f0ee973c,uproarious.cruises,available,14.99,81.99,high,low,10,name.com,,,21/08/2026 09:23
69834a44-5a6f-4c8f-98c9-8fa140145e9e,uppsala.cruises,available,43.2,43.2,medium,low,7,cloudflare,,,28/09/2026 11:02
fb707544-28d4-44ba-8c62-e1edd9965029,intimate.cruises,available,56.99,56.99,high,low,8,namesilo,,,25/09/2026 10:27
735d5e07-97af-4c05-bb47-a21e3abe9f41,bespoken.cruises,available,14.99,81.99,medium,low,8,name.com,,,09/08/2026 17:31
647387c0-00c3-41da-8d8e-090e2fb7d322,hoo.cruises,available,43.2,43.2,medium,low,3,cloudflare,,,01/10/2026 06:01
825e5954-9c37-4871-8819-fdda3ba71cb6,prakash.cruises,available,43.2,43.2,medium,low,7,cloudflare,,,29/09/2026 15:19
6cc3395f-8862-4b06-b0d5-b72261ec3420,notional.cruises,available,14.99,81.99,high,low,8,name.com,,,12/08/2026 20:01
d6900813-9091-4268-81f0-d4b1a06aa6cf,vincent.cruises,available,56.99,56.99,high,low,7,namesilo,,,25/09/2026 11:54
caa745b9-3b7e-41d9-adff-b7bd940d9ccc,overweight.cruises,available,14.99,81.99,high,low,10,name.com,,,18/08/2026 08:04
0bf1dfe0-e2f6-4a5c-889e-8b1a636235c3,unshoed.cruises,available,54.98,68.98,low,low,7,namecheap,,,12/09/2026 19:51
ea33f63f-5b1a-44c3-b6f7-e8721640b490,lol.cruises,available,43.2,43.2,high,low,3,cloudflare,,,30/09/2026 21:37
5277ab9a-96fa-4403-a97b-bba1f9c365ae,jimmy.cruises,available,56.99,56.99,high,low,5,namesilo,,,30/09/2026 00:48
46f39dd4-d73b-41fc-8626-9a04fb1c7454,bacteria.cruises,available,56.99,56.99,high,low,8,namesilo,,,21/09/2026 16:28
c4398096-c8da-4395-a54a-78578962d8e6,outcast.cruises,available,14.99,81.99,high,low,7,name.com,,,18/08/2026 15:35
a084cc05-8ba6-4beb-a820-8b55019887f0,raids.cruises,available,44.71,44.71,medium,low,5,spaceship,,,30/09/2026 07:30
e6824a99-3e09-4536-98e5-503b48879208,salvation.cruises,available,8.24,46.23,high,low,9,dynadot,,,28/09/2026 03:00
efbbce1d-3bb2-46e7-914a-a94aaa784dcf,aedes.cruises,available,56.99,56.99,medium,low,5,namesilo,,,17/09/2026 12:09
218cca16-612c-4326-a2c7-352507d04381,grips.cruises,available,44.71,44.71,medium,low,5,spaceship,,,02/10/2026 01:51
e7b98d7f-ab2c-44e2-90b7-2a48e6f7d081,satyrical.cruises,available,54.98,68.98,medium,low,9,namecheap,,,09/09/2026 21:57
f49544d5-2430-4bf7-a9f7-882f0bbc2fde,entangled.cruises,available,14.99,81.99,medium,low,9,name.com,,,16/08/2026 13:26
46197d70-1ed5-4989-9530-23daca42d651,awkwardly.cruises,available,54.98,68.98,medium,low,9,namecheap,,,13/09/2026 22:55
5b411d38-5da4-41f7-ada7-fdaf473ff8df,frigid.cruises,available,14.99,81.99,medium,low,6,name.com,,,18/08/2026 15:46
2f99a4f4-e265-430d-9b44-c908b1583c62,bluff.cruises,available,14.99,81.99,high,low,5,name.com,,,10/08/2026 16:13
5d24cb19-b5cf-4d39-9356-d5b310c15dbb,lost.cruises,available,56.99,56.99,high,low,4,namesilo,,,22/09/2026 10:52
52ea9253-7697-4478-bfdf-dfcd9d60cf30,quiesce.cruises,available,54.98,68.98,medium,low,7,namecheap,,,09/09/2026 08:52
d0a0011c-124a-46c9-a961-f6c038118bbc,harvest.cruises,available,56.99,56.99,high,low,7,namesilo,,,24/09/2026 19:41
b78f39b6-e202-444f-acd3-fe858f01e2a8,insignificant.cruises,available,44.71,44.71,medium,low,13,spaceship,,,01/10/2026 07:26
bd8f488d-2f43-44d1-98cf-407a7b30fd93,frank.cruises,available,54.98,68.98,high,medium,5,namecheap,,,08/09/2026 05:07
af6136dd-8641-4c5e-ac9f-d2bcba0a638c,raining.cruises,available,14.99,81.99,high,low,7,name.com,,,19/09/2026 11:06
7ae5e36c-5f80-444f-8fa4-2882ab05f2b8,crowds.cruises,available,56.99,56.99,medium,low,6,namesilo,,,28/09/2026 17:41
0a493e8f-5e2e-46f6-a91b-82bfcfcdd3cf,aboriginal.cruises,available,14.99,81.99,high,low,10,name.com,,,
bc853768-84bc-4aeb-8d69-ab33820a3cf2,gromyko.cruises,available,56.99,56.99,medium,low,7,namesilo,,,19/09/2026 04:28
101c90f5-fbf0-4f94-9078-ec5b4d937ec1,profiled.cruises,available,54.98,68.98,medium,low,8,namecheap,,,21/09/2026 10:04
2febb43a-5854-4321-8026-abc3fb2b49ac,panchayat.cruises,available,44.71,44.71,high,low,9,spaceship,,,30/09/2026 02:26
d688868c-d9fc-4fda-8e4a-9efca99c72fb,bezel.cruises,available,56.99,56.99,medium,low,5,namesilo,,,23/09/2026 12:19
c16df921-2ef1-44a3-8a3d-de8b73692789,dispense.cruises,available,8.24,46.23,high,low,8,dynadot,,,01/10/2026 04:11
7094c57f-fcdb-464f-8764-7d02e883b5c7,drugs.cruises,available,54.98,68.98,medium,low,5,namecheap,,,25/09/2026 16:42
68da8135-da7a-4c2f-a2df-18d42b11e0c9,zealand.cruises,available,43.2,43.2,medium,low,7,cloudflare,,,29/09/2026 02:11
cd6832d8-c2d8-4f11-8823-326c282555fe,felid.cruises,available,14.99,81.99,medium,low,5,name.com,,,18/08/2026 00:54
836e8fd2-8555-4468-a0e2-379e7497c7e4,cruiser.cruises,available,8.24,46.23,high,low,7,dynadot,,,28/09/2026 18:32
39d7b9f5-2329-45f5-8c13-703e15b58e88,doc.cruises,available,56.99,56.99,high,medium,3,namesilo,,,24/09/2026 16:30
aa860635-1f24-4b57-9d43-0aa993ca5fc2,apartheid.cruises,available,56.99,56.99,medium,low,9,namesilo,,,19/09/2026 16:15
a622a2c7-0656-4e85-9a7f-21138935ff1f,implement.cruises,available,43.2,43.2,high,low,9,cloudflare,,,29/09/2026 13:06
77ca080f-08dd-409b-8afe-3ad14c03d23d,instances.cruises,available,44.71,44.71,medium,low,9,spaceship,,,30/09/2026 23:59
77501b97-aa64-4c5d-a664-ceb7410a0dc5,contaminated.cruises,available,44.71,44.71,medium,low,12,spaceship,,,01/10/2026 23:21
ee3874d9-0225-4d50-8766-bca637c5585d,calculous.cruises,available,14.99,81.99,medium,low,9,name.com,,,11/08/2026 14:05
a665c49a-7ec2-4619-90e5-9512f4e9e20f,corned.cruises,available,14.99,81.99,medium,low,6,name.com,,,13/08/2026 01:33
c23f35a2-01d4-43d5-bf33-1abfd6736ea2,terzetto.cruises,available,14.99,81.99,medium,low,8,name.com,,,
95d780f1-8a29-4568-a330-ac4d362173f4,wafers.cruises,available,56.99,56.99,medium,low,6,namesilo,,,20/09/2026 21:54
fb7dc1c2-f03c-45d0-b6c0-da5385fa9be3,hilbert.cruises,available,44.71,44.71,high,low,7,spaceship,,,28/09/2026 05:30
a5e4b992-4c18-4e37-ba9d-daa1a6e3057d,army.cruises,available,56.99,56.99,high,low,4,namesilo,,,20/09/2026 07:50
701df156-bfa5-4321-9a72-8eb0216aa2ea,housing.cruises,available,56.99,56.99,high,low,7,namesilo,,,24/09/2026 12:13
a11c591c-3f8f-47b3-8a94-dcc25a6583e0,quickest.cruises,available,54.98,68.98,medium,low,8,namecheap,,,14/09/2026 17:48
dc36b67d-7afc-49d5-b5b4-043784848dd7,bess.cruises,available,56.99,56.99,high,low,4,namesilo,,,02/10/2026 00:00
2be3faef-c2b4-479f-829a-3663fd2036a5,footed.cruises,available,14.99,81.99,medium,low,6,name.com,,,18/08/2026 10:43
7dd214ad-5147-44de-96fd-81bf19746459,outlet.cruises,available,43.2,43.2,high,low,6,cloudflare,,,29/09/2026 17:56
190bc0da-7880-461d-bf4d-cd784742bc3f,bilge.cruises,available,56.99,56.99,high,low,5,namesilo,,,23/09/2026 15:50
8e446510-faea-4458-a2b8-d384f990178d,usb.cruises,available,56.99,56.99,high,low,3,namesilo,,,28/09/2026 03:21
22abe992-3255-4d25-bb1c-1f487aecd46b,airtight.cruises,available,14.99,81.99,high,low,8,name.com,,,
571745ce-7615-4562-b61c-cb7f45747bf7,flattered.cruises,available,43.2,43.2,high,low,9,cloudflare,,,29/09/2026 14:41
ddc98b2b-8b91-4c98-a509-5e32dbcc6d5f,steals.cruises,available,43.2,43.2,medium,low,6,cloudflare,,,28/09/2026 23:24
78bb2629-5b4e-4962-9c87-5b7051d35aff,drippy.cruises,available,14.99,81.99,medium,low,6,name.com,,,09/08/2026 00:32
9953c740-fcfd-4cfc-8184-c974ea18becc,trunks.cruises,available,8.24,46.23,high,low,6,dynadot,,,28/09/2026 20:26
0dfa65fb-a47a-43e2-ac24-2ca34ffb8537,lovelace.cruises,available,44.71,44.71,high,low,8,spaceship,,,30/09/2026 10:29
87044fca-5673-4d52-8775-671f8aaa9073,desai.cruises,available,56.99,56.99,high,low,5,namesilo,,,30/09/2026 12:39
d3b058f2-ba0c-465a-afa2-80689a9a5208,naval.cruises,available,54.98,68.98,high,low,5,namecheap,,,03/09/2026 14:07
bb192515-c84e-4d82-8ab5-c9fffa7ce73d,vogue.cruises,available,44.71,44.71,high,low,5,spaceship,,,29/09/2026 02:30
db141530-144d-48e7-b5d9-07bb530aa43e,appear.cruises,available,43.2,43.2,high,low,6,cloudflare,,,30/09/2026 15:08
b5783431-84c0-4ff6-87aa-f14c4e750272,specially.cruises,available,43.2,43.2,medium,low,9,cloudflare,,,28/09/2026 14:42
0ef4aaa6-c515-4f97-a0e4-feb1bc29949d,rustling.cruises,available,54.98,68.98,high,low,8,namecheap,,,03/09/2026 11:20
4096becc-d482-449b-aabb-f9de85759def,zola.cruises,available,8.24,44.8,medium,low,4,porkbun,,,29/09/2026 12:10
363e6656-07d6-4892-9969-7afe8d9c2799,williamson.cruises,available,54.98,68.98,high,low,10,namecheap,,,17/09/2026 14:22
f32edd38-7e4f-481f-82fb-968b418affd9,cloudiness.cruises,available,54.98,68.98,medium,low,10,namecheap,,,04/09/2026 20:28
dfb85ba4-9db0-4cf0-9d2a-df533d8a0727,anthology.cruises,available,56.99,56.99,high,low,9,namesilo,,,19/09/2026 13:28
d269f91a-eef3-43a1-ab05-0ba643f7cead,allomorph.cruises,available,56.99,56.99,medium,low,9,namesilo,,,18/09/2026 11:59
778e4f2a-897e-4b4f-a273-b0ef3ab2dc5d,prisoners.cruises,available,54.98,68.98,medium,low,9,namecheap,,,25/09/2026 20:27
ea8ecb7e-62cc-413d-8f1a-a3a169f1540b,igor.cruises,available,8.24,46.23,high,low,4,dynadot,,,28/09/2026 03:33
4c10f792-b284-4508-90ed-02815ee58df3,recreational.cruises,available,44.71,44.71,high,low,12,spaceship,,,29/09/2026 10:15
97c3d3eb-3e15-4fb1-917e-e1e80ee290e9,try.cruises,premium,118.8,118.8,high,low,3,namesilo,,,28/09/2026 23:04
02b4a954-b6ea-4427-bec1-50a2e7bc1672,dawdling.cruises,available,14.99,81.99,medium,low,8,name.com,,,11/09/2026 19:40
f2c31a68-92ad-4471-a6a8-2be0a8451652,rapacity.cruises,available,56.99,56.99,medium,low,8,namesilo,,,21/09/2026 08:45
16b0ef50-63f7-411e-852e-0049c2fd7588,birthing.cruises,available,54.98,68.98,high,low,8,namecheap,,,23/09/2026 21:07
d7b20390-9a81-4983-b9ac-56e04f2aca26,herbs.cruises,available,14.99,81.99,high,low,5,name.com,,,17/09/2026 01:23
9eec64d0-0bf8-4a1d-9290-6e577bbd7741,zuckerman.cruises,available,44.71,44.71,medium,low,9,spaceship,,,02/10/2026 00:34
6b19929b-e524-477a-85e6-02c4b5e0b370,timeworn.cruises,available,14.99,81.99,medium,low,8,name.com,,,08/08/2026 11:14
203cdc62-5e60-4b4d-9911-6274dd20bdb5,barouche.cruises,available,56.99,56.99,medium,low,8,namesilo,,,22/09/2026 07:43
5d98940e-8cab-43f2-b0bd-b70eddb0f1cc,inpatient.cruises,available,56.99,56.99,medium,low,10,namesilo,,,20/09/2026 21:46
3f88b2b3-85b0-4147-87c7-8df19820f15f,sleazy.cruises,available,14.99,81.99,medium,low,6,name.com,,,11/08/2026 09:04
92c7522f-6293-438c-906b-f1b400cdd25f,tight.cruises,available,14.99,81.99,medium,low,5,name.com,,,09/08/2026 17:09
7dc1c627-4c6a-4ef9-8fa8-b7b4e2e8fd95,indolent.cruises,available,14.99,81.99,medium,low,8,name.com,,,17/08/2026 20:53
d9e35c95-926e-42ba-b906-4151ba7b1acf,actuarial.cruises,available,14.99,81.99,medium,low,9,name.com,,,
5128546d-926b-45cc-bb2d-8e31c57a02dd,coarse.cruises,available,14.99,81.99,medium,low,6,name.com,,,12/08/2026 13:56
bb863d67-2f04-410a-8847-c3a5ae38d751,postsecondary.cruises,available,43.2,43.2,medium,low,13,cloudflare,,,30/09/2026 06:10
4babf15e-fc2e-4332-b892-d86f86c6c076,fins.cruises,available,56.99,56.99,medium,low,4,namesilo,,,30/09/2026 06:35
8dc837a7-05aa-4c23-844e-f658a0a51bb2,day.cruises,premium,414.2,414.2,high,low,3,spaceship,,,28/09/2026 16:52
6c37f37f-94b3-412c-8712-0e5179e66976,flamboyant.cruises,available,56.99,56.99,high,low,10,namesilo,,,22/09/2026 12:57
d41589c2-1a49-4ce8-902e-6a5dd225d872,lott.cruises,available,43.2,43.2,medium,low,4,cloudflare,,,29/09/2026 04:28
e264ee0e-5053-4454-af2b-96805b67a6c3,finicky.cruises,available,14.99,81.99,medium,low,7,name.com,,,18/08/2026 04:58
00382e43-504d-4fa3-a7e9-35811edc2323,gruff.cruises,available,14.99,81.99,high,low,5,name.com,,,13/08/2026 11:25
fd272f01-84cc-4fcd-8b03-db443e17701b,studious.cruises,available,14.99,81.99,high,low,8,name.com,,,10/08/2026 19:10
27592d47-01a3-4673-a3d3-19dfededbc85,tuna.cruises,available,56.99,56.99,high,low,4,namesilo,,,19/09/2026 07:27
9ca944b7-6245-42fe-be78-2103910e5d00,cameron.cruises,available,54.98,68.98,high,low,7,namecheap,,,25/09/2026 21:03
02d47afe-82d9-483d-809a-4af367bdebac,stretcher.cruises,available,56.99,56.99,high,low,9,namesilo,,,30/09/2026 16:46
e4a6ad20-828c-4c5f-ba5e-1e78e2214882,equality.cruises,available,43.2,43.2,high,low,8,cloudflare,,,28/09/2026 19:07
096a9560-d27c-4ff9-b109-61d129343fa1,ruinous.cruises,available,14.99,81.99,medium,low,7,name.com,,,10/08/2026 13:28
bb940056-ccd4-4a6b-ac79-fe2949af6926,hazy.cruises,available,14.99,81.99,medium,low,4,name.com,,,10/08/2026 16:22
15aad56e-7687-41fa-b536-274f2aadad04,swimmingly.cruises,available,54.98,68.98,high,low,10,namecheap,,,16/09/2026 02:58
42dd529d-2ed6-4061-a7c3-2e3e32559035,astute.cruises,available,56.99,56.99,high,low,6,namesilo,,,22/09/2026 10:35
05016832-325b-470d-afdb-02beeb2c49e5,exercising.cruises,available,44.71,44.71,high,low,10,spaceship,,,29/09/2026 18:30
4306008b-609a-4b30-89c5-fbab8ade3993,bollock.cruises,available,56.99,56.99,medium,low,7,namesilo,,,21/09/2026 23:08
efbf6566-dfac-4d78-a636-49f6401b278f,dopamine.cruises,available,44.71,44.71,high,low,8,spaceship,,,01/10/2026 01:48
799eafc1-5cac-4d89-822e-07852d425b88,emigrants.cruises,available,54.98,68.98,medium,low,9,namecheap,,,27/09/2026 11:26
31cd47c2-1e42-45d8-8288-c83f09abf2b2,alqaeda.cruises,available,56.99,56.99,medium,low,8,namesilo,,,18/09/2026 00:59
4f2cc7ea-dae4-44b1-baba-8c6ca0d8e639,mickey.cruises,available,56.99,56.99,high,low,6,namesilo,,,25/09/2026 09:22
b11af72d-6321-49db-ab43-80cf30f0b6e7,upwardly.cruises,available,54.98,68.98,medium,low,8,namecheap,,,12/09/2026 22:57
39c6e230-1ee4-4a37-81a8-d2cafb85d641,uniting.cruises,available,56.99,56.99,high,low,7,namesilo,,,18/09/2026 15:39
1c601d6c-6ac0-4b4d-90d0-86f0e91b6708,immunology.cruises,available,56.99,56.99,high,low,10,namesilo,,,30/09/2026 01:58
406c46ca-4e71-4849-a3c3-d2b3ccb81a87,step.cruises,available,54.98,68.98,high,low,4,namecheap,,,28/09/2026 17:14
31f73087-3331-4120-9f83-53fefa2adc7c,hemp.cruises,available,56.99,56.99,high,low,4,namesilo,,,24/09/2026 12:04
cb33182e-e465-416b-aa2b-4ec34bf07b13,vaulted.cruises,available,14.99,81.99,high,low,7,name.com,,,14/08/2026 15:39
123126bd-f53d-48e8-829e-7dfae8bd1645,tenor.cruises,available,54.98,68.98,high,low,5,namecheap,,,11/09/2026 11:24
21f1548a-81b8-4ddc-ae97-8d1a3bf5c269,subport.cruises,available,44.71,44.71,medium,low,7,spaceship,,,28/09/2026 16:14
2f6a99f4-7f3b-4d59-a1a1-a7a0b6333fdc,limoges.cruises,available,44.71,44.71,medium,low,7,spaceship,,,02/10/2026 00:18
58610755-386d-4d99-8ceb-32e00564b654,insurable.cruises,available,14.99,81.99,high,low,9,name.com,,,22/08/2026 07:40
ec167a7c-3e32-4121-bf29-8938fc3d97c2,legitimize.cruises,available,54.98,68.98,high,low,10,namecheap,,,04/09/2026 05:07
0e1a4f39-c9ad-44ff-b019-e6c16663e38d,pma.cruises,available,56.99,56.99,high,low,3,namesilo,,,01/10/2026 23:33
d7474a73-6c34-496a-98fb-7dfdf92f8cf8,frail.cruises,available,14.99,81.99,high,low,5,name.com,,,18/08/2026 13:59
79bbc4eb-8de3-444a-adfc-a89a204053ac,reputedly.cruises,available,54.98,68.98,medium,low,9,namecheap,,,15/09/2026 23:20
3476532c-3b5a-486a-9e56-939ecf2bfe7a,bonkers.cruises,available,14.99,81.99,medium,low,7,name.com,,,06/08/2026 20:40
d95843f1-a2e0-4598-9a36-73be72f23c05,defaulted.cruises,available,54.98,68.98,low,low,9,namecheap,,,21/09/2026 07:28
a8311dc0-1885-4bc1-ad4b-2a1f6e03058f,thing.cruises,available,8.24,46.23,high,low,5,dynadot,,,28/09/2026 19:13
e11c58a8-2d92-4f33-adfb-9bb52a5beb5c,academical.cruises,available,44.71,44.71,high,low,10,spaceship,,,01/10/2026 22:17
2b632ff2-83d0-485f-b4bc-c5869debee05,helen.cruises,available,56.99,56.99,high,low,5,namesilo,,,25/09/2026 07:10
71f22c80-4fd6-4688-bf6f-947be5ab33c5,irc.cruises,available,54.98,68.98,high,low,3,namecheap,,,28/09/2026 20:54
82133166-fb05-4137-9023-74865b5600a3,sal.cruises,available,43.2,43.2,high,low,3,cloudflare,,,28/09/2026 03:21
b045427e-8675-46ef-aa53-f269c0bda11c,redress.cruises,available,54.98,68.98,high,low,7,namecheap,,,09/09/2026 17:27
cace5f88-50f6-4df9-a260-7bbaf0979174,withal.cruises,available,54.98,68.98,medium,low,6,namecheap,,,13/09/2026 18:51
e9dff4c5-742c-42f3-9135-12b5836aace0,danes.cruises,available,56.99,56.99,medium,low,5,namesilo,,,30/09/2026 14:16
1629e56a-c1bf-4789-b0d0-c8e225fede18,democrat.cruises,available,56.99,56.99,high,low,8,namesilo,,,29/09/2026 13:56
0722bacf-c568-4758-8ed0-466b28c73e10,azure.cruises,available,,,high,high,5,,,,
fc09c730-d4de-4b2e-8afc-09398bfbd8d6,arccos.cruises,available,56.99,56.99,medium,low,6,namesilo,,,20/09/2026 01:15
d6b7bc4e-c09f-4799-bfcc-8e0b3217ba7e,cheekbone.cruises,available,54.98,68.98,high,low,9,namecheap,,,13/09/2026 15:41
83c0d3b6-71f4-4bb9-b041-7c9414d04307,advertizer.cruises,available,56.99,56.99,medium,low,10,namesilo,,,17/09/2026 08:39
ce2d68d7-2f1a-4822-83d2-173afeac41f8,inform.cruises,available,44.71,44.71,high,low,6,spaceship,,,30/09/2026 20:20
4caf7f03-d1cb-4d93-9ebc-309fc83edebb,circinate.cruises,available,14.99,81.99,high,low,9,name.com,,,
90d3f7a6-83ea-455c-a763-f032775fa3ae,steroidal.cruises,available,54.98,68.98,medium,low,9,namecheap,,,10/09/2026 20:19
f6c71e25-77b0-4252-af16-c87843cfb1c6,mankind.cruises,available,8.24,44.8,high,low,7,porkbun,,,28/09/2026 02:08
78a40d94-07a5-4edc-9ba5-ba9acaba151a,easterly.cruises,available,14.99,81.99,medium,low,8,name.com,,,14/08/2026 22:51
7fddf6c8-2a2e-48bf-b0a7-b22b5293d00b,blacktail.cruises,available,56.99,56.99,medium,low,9,namesilo,,,23/09/2026 23:51
ce549fde-ecd0-4341-9860-95c22c6ac261,sideburns.cruises,available,14.99,,high,low,9,name.com,,,
14ac09c2-29d4-462a-a426-51e48949d444,bragging.cruises,available,14.99,81.99,medium,low,8,name.com,,,11/08/2026 00:54
f5d6c219-221d-407e-8d08-5c4a11779baa,bewitched.cruises,available,14.99,81.99,medium,low,9,name.com,,,09/08/2026 18:17
439cfd64-525e-4872-a454-22b7f1fea2cf,aloud.cruises,available,56.99,56.99,high,low,5,namesilo,,,25/09/2026 14:25
39fc128d-e780-4ce8-9f19-86f32af1976f,antoinette.cruises,available,44.71,44.71,high,low,10,spaceship,,,01/10/2026 08:30
7e0dfca0-70b5-4e80-9581-8878a3636208,puzzle.cruises,available,56.99,56.99,high,medium,6,namesilo,,,21/09/2026 17:28
782e3eca-a583-4139-841b-42ead62765fe,lands.cruises,available,44.71,44.71,medium,low,5,spaceship,,,28/09/2026 04:27
a1f253a6-fef7-4084-92da-47eb99ed61a7,grugru.cruises,available,54.98,68.98,medium,low,6,namecheap,,,17/09/2026 03:33
e2294278-9d2b-46aa-910d-daced6e973b4,cathectic.cruises,available,14.99,81.99,medium,low,9,name.com,,,11/08/2026 21:45
bad61d37-747c-4882-ad7a-a269955575c9,turtle.cruises,available,54.98,68.98,high,low,6,namecheap,,,25/09/2026 10:01
d3ceec88-7d91-47c9-97a7-8e6afc322885,clayton.cruises,available,54.98,68.98,medium,low,7,namecheap,,,25/09/2026 21:46
d5f255e6-d906-4d57-90c1-cf068c72fc63,wta.cruises,available,54.98,68.98,medium,low,3,namecheap,,,30/09/2026 21:03
d59d054f-bfa6-4b9c-8543-1136cc8da6f1,browned.cruises,available,14.99,81.99,medium,low,7,name.com,,,11/08/2026 06:29
592fad88-51f8-4aa7-a792-c6293ff557f8,bradley.cruises,available,56.99,56.99,high,low,7,namesilo,,,25/09/2026 02:09
c7de9273-aa99-405c-9c89-a0d8963c9032,nucleonics.cruises,available,56.99,56.99,medium,low,10,namesilo,,,21/09/2026 00:14
4baf2f24-758e-494d-b5fc-243b0210ddee,laurie.cruises,available,56.99,56.99,high,low,6,namesilo,,,25/09/2026 17:15
7e7fde62-5b97-44ac-af92-8ecd44e06d66,veronica.cruises,available,56.99,56.99,high,low,8,namesilo,,,30/09/2026 02:57
04a9002d-503d-4202-886b-acd2a14283f0,blacking.cruises,available,54.98,68.98,medium,low,8,namecheap,,,24/09/2026 02:49
0ec9f78f-5dce-4394-a632-cd1ade240a9b,provision.cruises,available,43.2,43.2,high,low,9,cloudflare,,,30/09/2026 08:49
eee6b018-a1f2-40f9-9419-207e4dff7181,crocked.cruises,available,14.99,81.99,low,low,7,name.com,,,09/08/2026 15:34
33a57205-0b41-485e-8d05-d5bb2c5f2679,jenner.cruises,available,56.99,56.99,medium,low,6,namesilo,,,29/09/2026 00:45
d3b68034-0c1f-4173-a148-5495d095ed8a,argyll.cruises,available,56.99,56.99,medium,low,6,namesilo,,,20/09/2026 04:56
683946b2-13fe-41cf-a8f5-6c2ad8a800b9,callaghan.cruises,available,44.71,44.71,medium,low,9,spaceship,,,29/09/2026 09:50
dec504cd-255e-45a0-9a30-5285c9c56f5e,overhand.cruises,available,54.98,68.98,high,low,8,namecheap,,,04/09/2026 20:09
dd725bac-d2d6-48cb-901a-0f6538812539,dma.cruises,available,56.99,56.99,high,low,3,namesilo,,,29/09/2026 21:51
df92837a-ffb2-4a2b-be71-cc73fb34ddf5,frothing.cruises,available,14.99,81.99,medium,low,8,name.com,,,18/08/2026 09:42
083f689d-215d-4eaa-af07-58b8c80b8dd3,they.cruises,available,56.99,56.99,high,low,4,namesilo,,,30/09/2026 22:20
adabbda1-1911-41c8-b5cb-a901f9c78139,travelable.cruises,available,54.98,68.98,high,low,10,namecheap,,,11/09/2026 19:05
13310d91-19bf-4fb8-88ab-f11009c7f440,initiated.cruises,available,56.99,56.99,medium,low,9,namesilo,,,29/09/2026 11:07
90664f3f-6286-4099-a0e5-7f8ca1c7e00d,finnish.cruises,available,14.99,81.99,high,low,7,name.com,,,18/08/2026 05:03
c7983d74-d048-493d-92f1-c901f4c8e1aa,jessie.cruises,available,56.99,56.99,high,low,6,namesilo,,,25/09/2026 11:53
800cb8da-ce15-4b42-ab5b-78a197f91b4c,admit.cruises,available,56.99,56.99,high,low,5,namesilo,,,26/09/2026 00:34
46a81ef4-5735-4b61-867c-0b41597f2d24,scatter.cruises,available,44.71,44.71,high,low,7,spaceship,,,29/09/2026 08:02
419a506b-3c6b-4b22-a0bc-dc444f66c56d,scorch.cruises,available,54.98,68.98,medium,low,6,namecheap,,,10/09/2026 00:51
66c8dfd8-4303-408f-a96c-a5bc790338fd,breeding.cruises,available,14.99,81.99,high,low,8,name.com,,,11/08/2026 03:36
691ff35e-f05e-4946-88bb-c00b20eec566,icelandic.cruises,premium,118.8,118.8,high,low,9,namesilo,,,21/08/2026 17:45
38bcf8d2-80fa-444d-9c0f-05bcf1e48e10,audiogram.cruises,available,56.99,56.99,medium,low,9,namesilo,,,21/09/2026 02:55
9f2b5789-bd9e-4d2e-97e1-849c0c0b2865,quincy.cruises,available,8.24,44.8,high,low,6,porkbun,,,28/09/2026 10:11
d5d5a156-0544-4b8f-8aa1-52e6b7fc9fef,vendible.cruises,available,14.99,81.99,medium,low,8,name.com,,,24/08/2026 20:32
415ea18e-1e12-4bc3-850b-38982615a6ca,beaufort.cruises,available,56.99,56.99,high,low,8,namesilo,,,30/09/2026 13:16
086f184d-1a53-4dbc-ac9b-b2cc814ab5fe,squiggly.cruises,available,54.98,68.98,medium,low,8,namecheap,,,10/09/2026 17:43
9a6fe274-26d6-4a90-b7b6-4e9b4c2931ea,loretta.cruises,available,44.71,44.71,medium,low,7,spaceship,,,28/09/2026 22:00
30b08ac5-1213-4d57-bf26-9057e66fbc28,leadership.cruises,available,56.99,56.99,high,low,10,namesilo,,,30/09/2026 02:30
56369fba-d380-406a-8aca-ec5a7cf55e87,isomorphic.cruises,available,14.99,81.99,medium,low,10,name.com,,,22/08/2026 11:12
c8a6b064-18e1-4c1c-a0bb-5cf4dfca8d22,alone.cruises,available,56.99,56.99,high,low,5,namesilo,,,22/09/2026 01:57
3e949a6c-a4b0-45e0-b23a-06224da34d98,rifle.cruises,available,56.99,56.99,high,low,5,namesilo,,,27/09/2026 04:01
127d7626-5818-41f4-90e5-7ee929b7353f,higher.cruises,available,44.71,44.71,high,low,6,spaceship,,,01/10/2026 02:01
3cd0094f-f9d1-4180-9d91-4d2b44bff3ef,progression.cruises,available,14.99,,high,low,11,name.com,,,
b78be5df-6f80-404d-b948-59ab2bbbb6fe,wanton.cruises,available,14.99,81.99,medium,low,6,name.com,,,25/08/2026 07:57
f2db32cd-3a98-4071-8fa3-eade706f5795,rollers.cruises,available,54.98,68.98,medium,low,7,namecheap,,,30/09/2026 16:24
45851240-68d7-46e7-a2e9-e3b406c9274e,cakes.cruises,available,44.71,44.71,medium,low,5,spaceship,,,28/09/2026 13:16
80b208d3-8702-4884-a23c-2d57e5ce3c2b,rom.cruises,available,44.71,44.71,high,low,3,spaceship,,,28/09/2026 19:13
b017d519-08c4-4c99-9ff2-7234063231d4,cowen.cruises,available,43.2,43.2,medium,low,5,cloudflare,,,30/09/2026 20:26
f626763a-4403-4325-ae6f-8942ab4e86cf,profitless.cruises,available,54.98,68.98,medium,low,10,namecheap,,,09/09/2026 02:50
6aab802e-2ace-4feb-bc0f-7672ec75ceed,climactic.cruises,available,14.99,81.99,high,low,9,name.com,,,12/08/2026 10:55
9c9e66c2-9711-42ce-8dcd-6e8c77d2394b,hatted.cruises,available,14.99,81.99,medium,low,6,name.com,,,21/08/2026 01:22
437a0089-9102-4165-8015-8ab5d91e471d,debris.cruises,available,43.2,43.2,medium,low,6,cloudflare,,,28/09/2026 18:54
0e2ab9f1-a979-473b-9ebc-bb10f90d1498,regard.cruises,available,54.98,68.98,high,low,6,namecheap,,,08/09/2026 11:00
2c182340-3415-449f-a3ce-4171a90ba609,shifted.cruises,available,54.98,68.98,medium,low,7,namecheap,,,29/09/2026 17:17
efeea614-261b-4ee4-a228-8570a3bbb183,crossways.cruises,available,54.98,68.98,medium,low,9,namecheap,,,14/09/2026 09:48
3fdf5e4a-8847-4635-97fa-cf45f519c761,morning.cruises,available,44.71,44.71,high,low,7,spaceship,,,28/09/2026 01:56
45d534a6-2976-4782-bf16-ffa35d95b3b7,romani.cruises,available,14.99,81.99,high,low,6,name.com,,,10/08/2026 17:29
d026dd70-4b3b-42c4-b4b9-2985a7b52d3e,conway.cruises,available,14.99,81.99,high,low,6,name.com,,,25/09/2026 21:36
fae940ee-2d02-440e-9a8f-a7d6810ef156,crepuscule.cruises,available,54.98,68.98,medium,low,10,namecheap,,,11/09/2026 21:48
863b8ffc-2dc3-47d9-bfc8-11be68f1200b,talky.cruises,available,14.99,81.99,medium,low,5,name.com,,,12/08/2026 03:24
cdf2238f-4595-4d9a-aa25-f3a231c96494,dubstep.cruises,available,14.99,,high,low,7,name.com,,,
29d719a5-518d-46b5-8078-a3fbfe0c871e,slab.cruises,available,44.71,44.71,high,low,4,spaceship,,,28/09/2026 20:30
cf66f04f-3af5-42aa-b7a4-3ed8be157947,disharmony.cruises,available,56.99,56.99,medium,low,10,namesilo,,,24/09/2026 22:38
b9ad50ab-7fe6-484e-a185-fda8d8b255df,reggie.cruises,available,44.71,44.71,high,low,6,spaceship,,,28/09/2026 07:45
c7caef97-ab7d-4ca5-a1d0-185629b63764,hayastan.cruises,available,56.99,56.99,medium,low,8,namesilo,,,20/09/2026 06:40
49d40772-e018-48f2-8ee4-e36941e1cba1,tombs.cruises,available,8.24,44.8,medium,low,5,porkbun,,,30/09/2026 05:23
718ce2ac-3663-42b4-91e1-0c39201e9998,smashing.cruises,available,14.99,81.99,high,low,8,name.com,,,08/08/2026 12:53
6772d0e8-16e6-4860-af7a-b637dca587d6,spreads.cruises,available,43.2,43.2,medium,low,7,cloudflare,,,29/09/2026 11:29
7d085336-0b5d-4f82-8d6b-e18dca8faa41,sevener.cruises,available,14.99,81.99,medium,low,7,name.com,,,
f14a1caa-8fa7-4d86-9138-c99663f7030b,ashok.cruises,available,43.2,43.2,medium,low,5,cloudflare,,,01/10/2026 12:17
48cee636-0260-4159-b375-2d45e4f9020c,coldly.cruises,available,43.2,43.2,low,low,6,cloudflare,,,28/09/2026 14:07
9f75e5bd-d809-4325-a80e-58c2279d6b8f,grumpy.cruises,available,14.99,81.99,medium,low,6,name.com,,,08/08/2026 07:57
ab9b33b3-d884-45e5-a63c-6578b0f3b544,prn.cruises,available,54.98,68.98,medium,low,3,namecheap,,,13/09/2026 21:26
98e9cf46-5fb7-45fb-bab5-3a4c2bb274fa,visualise.cruises,available,56.99,56.99,high,low,9,namesilo,,,24/09/2026 16:40
c6951252-a0a7-4edd-8974-2e7280ac3a84,inflexible.cruises,available,14.99,81.99,medium,low,10,name.com,,,22/08/2026 04:32
b3df39e7-df29-40f2-be89-51cee11858e3,husband.cruises,available,56.99,56.99,high,low,7,namesilo,,,29/09/2026 23:14
8fe71f40-104d-48bc-a5a5-b804030a7e3c,aided.cruises,available,14.99,81.99,high,low,5,name.com,,,19/09/2026 12:43
9206f6f5-dda4-4fe1-a336-9eb1bc31078a,surrendered.cruises,available,56.99,56.99,low,low,11,namesilo,,,29/09/2026 05:38
9146ae2c-6de9-4865-b4d8-842e756e2308,bextra.cruises,available,56.99,56.99,medium,low,6,namesilo,,,23/09/2026 12:09
385c1674-658c-4590-93ff-847be97d23c7,carrier.cruises,available,56.99,56.99,high,low,7,namesilo,,,28/09/2026 19:39
bfca5a8d-884d-4ff3-bac3-b6da83aa2426,messenger.cruises,available,56.99,56.99,high,low,9,namesilo,,,24/09/2026 18:45
d10692bf-06a7-40de-89dc-e475c5a16e00,armful.cruises,available,54.98,68.98,medium,low,6,namecheap,,,20/09/2026 06:50
b6f06e99-c820-4108-967f-588e53d70602,spiny.cruises,available,14.99,81.99,medium,low,5,name.com,,,08/08/2026 17:49
1cf5c9ff-5291-4884-8a5e-043dbec9610b,tactual.cruises,available,14.99,81.99,medium,low,7,name.com,,,21/08/2026 00:04
94f17879-844b-49cd-8692-2c2fac6807d0,assistant.cruises,available,8.24,46.23,high,low,9,dynadot,,,29/09/2026 09:56
5b2e9e10-2695-4db3-b954-abe0c107bb5e,ruthenium.cruises,available,56.99,56.99,medium,low,9,namesilo,,,20/09/2026 23:08
227e852a-8cb4-4c3a-9dd3-7b4518a62deb,celebrities.cruises,available,43.2,43.2,medium,low,11,cloudflare,,,28/09/2026 23:49
3ecca9b6-7467-42a3-82ff-d53d3e59c085,rented.cruises,available,54.98,68.98,medium,low,6,namecheap,,,17/09/2026 18:45
79494a2a-4cc2-40c4-b5a5-1b5c1026ebe3,either.cruises,available,56.99,56.99,medium,low,6,namesilo,,,28/09/2026 14:39
38f58f1c-2c3a-4585-9c66-39be3d806715,debile.cruises,available,14.99,81.99,medium,low,6,name.com,,,13/08/2026 20:28
b98f6d2f-0277-466b-a2db-40517af16b19,initiator.cruises,available,56.99,56.99,high,low,9,namesilo,,,29/09/2026 13:07
1c3561b0-67db-494e-85fb-618860ed93a7,incertain.cruises,available,14.99,81.99,medium,low,9,name.com,,,22/08/2026 01:10
461dbc9a-8211-4358-9b7d-71eaf2f116fc,mainly.cruises,available,44.71,44.71,medium,low,6,spaceship,,,28/09/2026 13:52
8bbbc612-ba2f-44fe-9256-cbca0cb918d6,america.cruises,premium,102.67,102.67,high,medium,7,spaceship,,,28/09/2026 20:53
5d5af214-7294-41b5-8d30-981383fc0b98,tribes.cruises,available,56.99,56.99,high,low,6,namesilo,,,29/09/2026 11:09
a6c08c49-4486-4b3d-9067-452638b393fb,screecher.cruises,available,56.99,56.99,medium,low,9,namesilo,,,22/09/2026 17:04
fd069687-9d46-475b-a846-2a305d8c8e8d,psychiatrists.cruises,available,44.71,44.71,medium,low,13,spaceship,,,01/10/2026 00:58
042422c4-c282-49c1-af37-7244bccb3e1d,cultivator.cruises,available,14.99,81.99,medium,low,10,name.com,,,17/09/2026 19:20
097c2ec0-bf01-43c8-8b23-fa1fc4b37a6e,prizes.cruises,available,56.99,56.99,medium,low,6,namesilo,,,20/09/2026 04:19
22ae4aaf-93d6-4c5f-90fd-73a53f88728c,flawed.cruises,available,14.99,81.99,medium,low,6,name.com,,,18/08/2026 07:18
5c119890-335b-41a7-b7dc-bc29a6569a14,county.cruises,available,54.98,68.98,high,low,6,namecheap,,,24/09/2026 18:41
24d75736-87a4-43aa-acb2-9c43ef7e5587,lions.cruises,available,14.99,,high,low,5,name.com,,,
0554bc5d-ed15-4fc2-b425-97995b27c230,sint.cruises,available,8.24,46.23,medium,low,4,dynadot,,,01/10/2026 16:45
d455195f-cd28-4d3f-b6b0-e625820e7c85,thousandth.cruises,available,14.99,81.99,high,low,10,name.com,,,
fb7b115d-c538-4976-a5e0-e6858f77123b,fetching.cruises,available,14.99,81.99,high,low,8,name.com,,,18/08/2026 02:20
11071029-2b8a-4327-abff-06817553359c,kyoto.cruises,available,8.24,44.8,high,low,5,porkbun,,,29/09/2026 19:29
8360abe9-d64c-43b1-b4de-98ba096d6392,condor.cruises,available,56.99,56.99,high,low,6,namesilo,,,24/09/2026 17:10
6d822ef9-aaea-483a-8c9c-f0b7b3444d4c,nicely.cruises,available,54.98,68.98,high,low,6,namecheap,,,15/09/2026 16:32
c8cd48a1-55a1-4f63-84c0-3013b2f49fa1,haply.cruises,available,54.98,68.98,medium,low,5,namecheap,,,14/09/2026 04:36
23893473-1890-4967-9769-a99a2c90f03b,theocratic.cruises,available,54.98,68.98,medium,low,10,namecheap,,,11/09/2026 12:52
ec50b0c8-3e22-44d6-bdc9-48a7c8a258d1,toilet.cruises,available,56.99,56.99,high,low,6,namesilo,,,27/09/2026 04:48
6d923d5a-7d22-40db-a9b6-c5ca2c1a92fe,taleteller.cruises,available,54.98,68.98,medium,low,10,namecheap,,,11/09/2026 10:32
c2717917-1116-424e-905b-2c1b78daf5a9,dakar.cruises,available,8.24,44.8,high,low,5,porkbun,,,29/09/2026 06:52
8e536d82-6303-4f97-b99d-b0f619d6eed8,lbs.cruises,available,44.71,44.71,medium,low,3,spaceship,,,30/09/2026 07:36
7ba37986-6bbe-4470-9599-8de9370e7758,researched.cruises,available,8.24,44.8,medium,low,10,porkbun,,,01/10/2026 00:58
19e4f5b1-3e89-4657-beb3-9b083ea1f025,apery.cruises,available,56.99,56.99,medium,low,5,namesilo,,,19/09/2026 16:43
9cdb5817-ec38-4c62-988b-b124179de0ef,flop.cruises,available,56.99,56.99,high,low,4,namesilo,,,23/09/2026 12:03
ad9357ac-c8ab-4171-a984-f8a27b2505f5,octuple.cruises,available,14.99,81.99,medium,low,7,name.com,,,15/08/2026 21:25
a0a3870f-f5e5-4e56-87f9-fcabb3d47bf7,gangster.cruises,available,8.24,46.23,medium,low,8,dynadot,,,28/09/2026 09:51
ae6f5639-bc82-4eb2-803f-ee79ce63e361,apologized.cruises,available,8.24,46.23,low,low,10,dynadot,,,29/09/2026 05:55
a3e1e897-5b6a-46f6-8ec4-bc03b47ada29,incite.cruises,available,54.98,68.98,high,low,6,namecheap,,,09/09/2026 03:18
1dd3e7c4-0297-46ef-aeeb-0f6f1223c976,disrespect.cruises,available,56.99,56.99,high,low,10,namesilo,,,29/09/2026 15:36
3a32c6e4-bc05-4282-a5d4-a6c46f6eeb5b,nationalist.cruises,available,44.71,44.71,medium,low,11,spaceship,,,30/09/2026 19:40
378d846e-32c0-4303-9387-4d8322c53d0c,rooibos.cruises,available,56.99,56.99,medium,low,7,namesilo,,,20/09/2026 14:38
75226fba-2658-468f-83f4-cec462ce2302,advocacy.cruises,available,56.99,56.99,high,low,8,namesilo,,,17/09/2026 11:40
e25615c9-b70c-4f05-93a3-e0523492551b,broadcast.cruises,available,56.99,56.99,high,low,9,namesilo,,,30/09/2026 07:48
f6aa592b-d539-48eb-bd68-f410e64f142e,grail.cruises,available,8.24,44.8,high,low,5,porkbun,,,01/10/2026 19:50
d9317741-41af-484f-a7ea-44c37f01cb3d,retrospective.cruises,available,44.71,44.71,medium,low,13,spaceship,,,01/10/2026 22:37
c6a4baa6-a3af-46fa-b79e-35bf6530c14c,researcher.cruises,available,56.99,56.99,high,low,10,namesilo,,,01/10/2026 11:13
989ab109-e6be-4c24-bbcf-013ff6e80c11,rein.cruises,available,44.71,44.71,high,low,4,spaceship,,,30/09/2026 09:27
4ba37b11-ef47-4c04-a7d1-f3ef5f42e489,lifelessly.cruises,available,14.99,81.99,low,low,10,name.com,,,13/08/2026 19:35
a2e35f45-a531-4b75-acd8-ccb966fc4aba,grandfathers.cruises,available,56.99,56.99,medium,low,12,namesilo,,,20/09/2026 22:52
d0f636a8-8c04-438d-82da-5b856214cc12,sherwood.cruises,available,56.99,56.99,high,low,8,namesilo,,,25/09/2026 10:26
1495edf4-eb79-40a7-a400-b6a3c4135fdb,agricultural.cruises,available,44.71,44.71,high,low,12,spaceship,,,30/09/2026 03:28
a2b451a0-49c4-4da0-ae0d-f333b512ca1c,raw.cruises,available,14.99,81.99,high,low,3,name.com,,,08/08/2026 18:20
70653902-756a-43e3-a66a-088525642aee,monotonous.cruises,available,14.99,81.99,medium,low,10,name.com,,,25/08/2026 05:30
c1eaf61b-dacd-4935-9fce-afcff6d24897,babinski.cruises,available,56.99,56.99,medium,low,8,namesilo,,,21/09/2026 12:44
c67c4274-ebce-46ab-ab1a-7add22145050,confidant.cruises,available,14.99,81.99,high,low,9,name.com,,,22/08/2026 08:30
03c6ceff-ee4f-46b0-978d-b59f8a2347d1,adynamic.cruises,available,14.99,81.99,medium,low,8,name.com,,,
bd37eb66-c4ea-4bc2-b8da-c86d576d7fd6,occult.cruises,available,54.98,68.98,high,low,6,namecheap,,,03/09/2026 12:26
98aaee26-6cb1-457a-88ee-991db3f27d63,maximizing.cruises,available,14.99,81.99,high,low,10,name.com,,,24/08/2026 17:56
4d0b2abe-ac77-4a74-ab28-fa8ce78bd4cb,cyborg.cruises,available,54.98,68.98,high,low,6,namecheap,,,23/09/2026 18:37
ebadff70-d5b4-4d53-925e-62f90021ed76,lunger.cruises,available,14.99,81.99,medium,low,6,name.com,,,12/08/2026 23:06
b6a2022f-2c46-4e54-b075-45c9fdf13ecc,accented.cruises,available,14.99,81.99,medium,low,8,name.com,,,
e825cce3-510c-4c15-ab34-06d0ce395edc,champ.cruises,available,14.99,81.99,high,low,5,name.com,,,12/08/2026 01:35
fd3e9b3f-a69d-4cda-83db-3fccc5d6ce1a,pushup.cruises,available,14.99,,high,low,7,name.com,,,
1bdc7007-b3e4-422b-bee8-7fe9ba974147,philistine.cruises,available,14.99,81.99,medium,low,10,name.com,,,
176d9b4a-db29-4c0a-8410-b4b7671311bc,honestly.cruises,available,14.99,81.99,high,low,8,name.com,,,
3dac90ae-c179-4989-b835-729f7cdc84df,animism.cruises,available,56.99,56.99,medium,low,7,namesilo,,,19/09/2026 09:19
4b559264-483f-47cb-93d1-96257c57d7a8,nakedly.cruises,available,54.98,68.98,medium,low,7,namecheap,,,15/09/2026 16:02
8ee1bf32-e2b4-4664-ab95-c29f16d54b7e,illustrations.cruises,available,44.71,44.71,medium,low,13,spaceship,,,01/10/2026 15:25
f967726b-e673-470a-a24c-4df0ac0ffbd8,jumpy.cruises,available,14.99,81.99,medium,low,5,name.com,,,11/08/2026 09:53
43f8838d-f41c-4783-b231-193dc43af9d9,discus.cruises,available,54.98,68.98,high,low,6,namecheap,,,24/09/2026 22:35
7223fbe4-5aa8-4e8f-970a-6a4b8232e700,yearbook.cruises,available,8.24,44.8,high,low,8,porkbun,,,28/09/2026 11:22
b40d3d84-815b-49e0-aecb-631a9d7abc3e,nlrb.cruises,available,44.71,44.71,medium,low,4,spaceship,,,29/09/2026 13:32
53bd40f2-a7b9-40e8-aa12-9545828df7b5,ruggles.cruises,available,44.71,44.71,medium,low,7,spaceship,,,01/10/2026 10:32
54a0169f-58c2-4eb2-934d-3b56a1a53821,throwing.cruises,available,54.98,68.98,high,low,8,namecheap,,,27/09/2026 08:46
466e2f69-bbc3-4660-baa2-bc0001ee546c,afrl.cruises,available,54.98,68.98,medium,low,4,namecheap,,,17/09/2026 15:27
28a7a737-e113-4bfc-ae8e-1f66c0fe829e,anamorphic.cruises,available,14.99,81.99,medium,low,10,name.com,,,
03af4d9b-f265-440e-bd18-fed780b39f19,baku.cruises,available,54.98,68.98,high,low,4,namecheap,,,21/09/2026 20:24
7071e3fb-0aeb-40ff-8b41-2df680565d3f,fodder.cruises,available,56.99,56.99,medium,low,6,namesilo,,,24/09/2026 12:05
44446102-db0b-40f7-8585-b488abd1679d,msg.cruises,available,8.24,46.23,high,low,3,dynadot,,,30/09/2026 05:12
d07b403b-7c61-4be7-971e-59e3a5428be0,trasimeno.cruises,available,56.99,56.99,medium,low,9,namesilo,,,22/09/2026 16:12
00d2cf15-27b9-43fc-a365-7f636097079d,tibet.cruises,available,54.98,68.98,high,low,5,namecheap,,,28/09/2026 20:29
c27f8262-4470-4ec3-9fae-bb21b0463967,plasmas.cruises,available,44.71,44.71,medium,low,7,spaceship,,,30/09/2026 15:59
6646ec52-769c-41fe-ad37-46dd8e136a69,hirsch.cruises,available,56.99,56.99,high,low,6,namesilo,,,27/09/2026 07:27
6f59c144-8011-4f42-8d21-34a87c9e3973,vindictive.cruises,available,14.99,81.99,medium,low,10,name.com,,,14/08/2026 04:21
261cf6b0-7acd-4585-b7d2-2a66fe09557a,catawba.cruises,available,44.71,44.71,high,low,7,spaceship,,,30/09/2026 08:59
c0f43a84-4cca-4a07-8300-8c2eaa805cb9,damages.cruises,available,56.99,56.99,high,low,7,namesilo,,,18/09/2026 18:40
bf929ad6-0325-47c8-abbf-c8f6bb47e92e,auschwitz.cruises,available,56.99,56.99,medium,low,9,namesilo,,,21/09/2026 04:35
7796ff3d-49a7-4e89-9e1a-cbdc9de14586,petallike.cruises,available,54.98,68.98,medium,low,9,namecheap,,,08/09/2026 18:13
0c5cf3b5-548d-4802-a8c0-4f6732923704,granth.cruises,available,54.98,68.98,high,low,6,namecheap,,,17/09/2026 08:05
b2617706-2f9e-4c8a-b4b9-aa60d8da6c96,trust.cruises,available,56.99,56.99,high,medium,5,namesilo,,,25/09/2026 04:00
59a358b9-ccc3-4ff8-a514-2e26f7cb8b09,legibly.cruises,available,54.98,68.98,medium,low,7,namecheap,,,14/09/2026 11:06
9c1bfa79-b9de-4ff1-b1c8-f3d4ced550e9,indigestion.cruises,available,44.71,44.71,medium,low,11,spaceship,,,02/10/2026 02:34
d6c51a6e-338c-4f50-a1eb-6183b0fa2833,giraffe.cruises,available,43.2,43.2,high,low,7,cloudflare,,,29/09/2026 05:59
34f7464e-432d-457d-b916-23bb4ac8f516,protester.cruises,available,14.99,81.99,medium,low,9,name.com,,,14/08/2026 12:41
e9ef8be9-1eb6-4c30-a96d-edec48e8a3c0,gracie.cruises,available,56.99,56.99,high,low,6,namesilo,,,18/09/2026 10:48
7671988f-12d2-40e0-ac9b-14ab0b2d39c4,rotfl.cruises,available,14.99,,medium,low,5,name.com,,,
40db7a92-4b49-4007-8bec-9d4e6949a2d3,divide.cruises,available,8.24,46.23,high,low,6,dynadot,,,27/09/2026 20:14
cfdf3441-7cbb-4b1e-afd4-91102e3c54b1,multilane.cruises,available,54.98,68.98,medium,low,9,namecheap,,,03/09/2026 10:43
bedde8c8-70ee-4e3e-b692-a858a9057dc3,fletcher.cruises,available,8.24,46.23,high,low,8,dynadot,,,30/09/2026 09:40
e443e9ab-da8f-4268-b258-1c6c0fa55c86,slander.cruises,available,56.99,56.99,medium,low,7,namesilo,,,30/09/2026 18:39
eb15eff1-51f6-4189-9e1c-d37fd29a13b2,evicted.cruises,available,44.71,44.71,medium,low,7,spaceship,,,01/10/2026 17:40
b0e02d4f-e073-4397-8264-6f87c06fa2a0,aquavit.cruises,available,56.99,56.99,medium,low,7,namesilo,,,18/09/2026 00:16
5dc749c0-140e-41ac-902f-47a1f7f0ce98,seafaring.cruises,available,54.98,68.98,high,low,9,namecheap,,,04/09/2026 00:22
d286bbb0-903d-4cdf-b11a-4c47732ade1c,jacobite.cruises,available,54.98,68.98,medium,low,8,namecheap,,,29/09/2026 01:23
77b9def3-63c6-487b-b30f-deb6a5b46aa7,middlesex.cruises,available,56.99,56.99,medium,low,9,namesilo,,,25/09/2026 13:32
e36b0c9d-e9e8-4ee2-ac6a-da13e867ba15,lxxi.cruises,available,14.99,81.99,medium,low,4,name.com,,,
1409ef2b-fef5-4f7c-b5df-36c4d0457641,witch.cruises,available,14.99,81.99,high,low,5,name.com,,,21/08/2026 07:44
c570ab10-1afc-4050-9ab8-b20d9ea08029,unfortunately.cruises,available,56.99,56.99,medium,low,13,namesilo,,,01/10/2026 06:06
8840fd30-ce3d-4b0e-b2e1-2606db3f731c,wain.cruises,available,56.99,56.99,medium,low,4,namesilo,,,23/09/2026 14:30
0bfc2985-3aff-41d0-ac45-9f48bcdd3d2f,belated.cruises,available,14.99,81.99,medium,low,7,name.com,,,09/08/2026 12:37
2f116ec9-cb67-4d17-bc56-4dced55fec46,morris.cruises,available,56.99,56.99,high,low,6,namesilo,,,25/09/2026 05:42
174f04e6-86ba-4c9b-91a7-635abb408a2e,queer.cruises,available,14.99,81.99,high,low,5,name.com,,,13/08/2026 11:09
9b934d52-cb3b-4b66-b177-6ce4f5493a67,authorize.cruises,available,44.71,44.71,high,low,9,spaceship,,,29/09/2026 20:39
5308417d-04e9-47b4-a6fa-695c2b30ef33,linchpin.cruises,available,56.99,56.99,high,low,8,namesilo,,,21/09/2026 15:17
6185275c-619e-4ee0-8459-ae203ad039b0,subjective.cruises,available,56.99,56.99,high,low,10,namesilo,,,25/09/2026 07:50
b2c187af-34f9-412e-a409-1789af22a23f,ascender.cruises,available,56.99,56.99,high,low,8,namesilo,,,20/09/2026 13:07
5dcf33ba-6da2-4769-acb1-c2084d185b2d,mined.cruises,available,14.99,81.99,medium,low,5,name.com,,,24/08/2026 23:40
a6937d67-1940-479e-94ab-040ba744b7a0,prophecies.cruises,available,54.98,68.98,medium,low,10,namecheap,,,01/10/2026 17:36
88d7014f-76b8-482d-948c-2c71cb03d345,blazon.cruises,available,54.98,68.98,high,low,6,namecheap,,,24/09/2026 05:05
09d3ee94-99e8-4efc-acd6-eae37bc98178,wingstem.cruises,available,56.99,56.99,medium,low,8,namesilo,,,17/09/2026 04:57
c12cbbd9-a8f6-468e-96ec-067ad389e67d,irving.cruises,available,56.99,56.99,medium,low,6,namesilo,,,25/09/2026 07:50
67f757b9-6e18-4b60-88e8-2f8a993f36cf,par.cruises,available,43.2,43.2,high,low,3,cloudflare,,,29/09/2026 00:49
423ed8c4-ec4c-4d18-b217-831a372ca85e,panadol.cruises,available,56.99,56.99,high,low,7,namesilo,,,16/09/2026 23:53
0a74ab6d-a872-48d6-917e-09b320346b33,acyclic.cruises,available,14.99,81.99,medium,low,7,name.com,,,
54087e0c-3f38-4357-b322-d91d145cb715,minerva.cruises,available,43.2,43.2,high,medium,7,cloudflare,,,30/09/2026 18:03
81110f2f-6461-478c-bea0-f5c345b9b2eb,privileged.cruises,available,56.99,56.99,high,low,10,namesilo,,,27/09/2026 06:20
e8ca33d5-ef8e-47f5-8fec-a1bf4bfdef44,accede.cruises,available,56.99,56.99,high,low,6,namesilo,,,20/09/2026 16:11
d5337901-7b90-432f-9f49-3737e764da9d,valent.cruises,available,54.98,68.98,medium,low,6,namecheap,,,13/09/2026 00:54
6489006c-d177-4fda-b228-15463c23c983,procedural.cruises,available,54.98,68.98,high,low,10,namecheap,,,09/09/2026 02:31
521ef43a-cdbe-4294-9e8a-815db3bd18a1,untucked.cruises,available,54.98,68.98,low,low,8,namecheap,,,12/09/2026 21:50
ab2da2ff-1000-4900-96f9-8d5678492430,foolhardy.cruises,available,14.99,81.99,high,low,9,name.com,,,18/08/2026 10:28
1060dca7-c797-49ef-99be-a1fe9c444b2a,invisibly.cruises,available,14.99,81.99,medium,low,9,name.com,,,15/09/2026 09:10
3d62808c-0748-462a-99ad-2c2c77afe006,undeniable.cruises,available,14.99,81.99,high,low,10,name.com,,,12/09/2026 07:15
1de58494-6dc3-42a4-a863-dba3a57a5d7b,parve.cruises,available,54.98,68.98,medium,low,5,namecheap,,,08/09/2026 01:27
7183ee30-301c-4b77-86e4-88daa39be49d,dictated.cruises,available,14.99,81.99,medium,low,8,name.com,,,14/08/2026 06:36
eaec4793-c29e-43ef-914b-65fdeee90979,corrupted.cruises,available,56.99,56.99,medium,low,9,namesilo,,,23/09/2026 23:59
64374211-c57c-4d67-a0dd-0ac30202c3d5,republicans.cruises,available,56.99,56.99,medium,low,11,namesilo,,,30/09/2026 06:30
fd3770eb-0a9b-4f0d-ae68-2f8316c144b4,astonish.cruises,available,44.71,44.71,high,low,8,spaceship,,,30/09/2026 14:59
9d8f6787-2042-43ea-9754-e0100dcbd4b0,asks.cruises,available,56.99,56.99,medium,low,4,namesilo,,,25/09/2026 17:36
4afd23bc-99fc-4cf1-b347-f03f10f90620,addressed.cruises,available,14.99,81.99,high,low,9,name.com,,,
2d0293fc-dd5c-43ff-ac13-6edcf3fc6a08,munn.cruises,available,44.71,44.71,medium,low,4,spaceship,,,01/10/2026 11:33
9224fcca-4894-4af9-9494-26cdfad48614,injection.cruises,available,56.99,56.99,high,low,9,namesilo,,,28/09/2026 06:02
3d083283-639d-47a5-9785-747f99ca15ba,roofless.cruises,available,14.99,81.99,medium,low,8,name.com,,,14/08/2026 12:09
108abf3d-a129-4885-b47d-f07e75b5149e,rehab.cruises,available,43.2,43.2,high,low,5,cloudflare,,,28/09/2026 22:56
f61e8405-5f41-487e-a9c9-0303a68186b7,least.cruises,available,56.99,56.99,high,low,5,namesilo,,,25/09/2026 13:24
3a121848-6b63-4298-8dd6-e0fc4d25d3ab,wysiwyg.cruises,available,54.98,68.98,high,low,7,namecheap,,,13/09/2026 13:51
4dadae09-09ed-4df8-97d2-59222e43435a,wisdoms.cruises,available,56.99,56.99,medium,low,7,namesilo,,,21/09/2026 10:19
67fcdf02-09cf-4060-9cca-1a2de3517f58,cadge.cruises,available,14.99,81.99,medium,low,5,name.com,,,11/08/2026 09:28
cd382ed2-6622-4dc5-8020-7929965ed1a6,beanstalk.cruises,available,56.99,56.99,high,low,9,namesilo,,,22/09/2026 20:43
3e50ab47-31de-46fe-a5ab-03d1514cccde,clathrate.cruises,available,14.99,81.99,medium,low,9,name.com,,,11/08/2026 16:23
d2186746-ea1e-4fa3-b2c2-fef98dacbfbf,adjourned.cruises,available,56.99,56.99,medium,low,9,namesilo,,,29/09/2026 08:57
271bba0c-bdbc-43b6-bd1f-ed12724111d4,glib.cruises,available,14.99,81.99,medium,low,4,name.com,,,20/08/2026 14:26
b603fc89-2f59-43c9-be98-2f2ef6db4549,yung.cruises,available,44.71,44.71,medium,low,4,spaceship,,,29/09/2026 22:41
662dd553-1519-47ad-83ce-af144da3e115,roaring.cruises,available,14.99,81.99,high,low,7,name.com,,,10/08/2026 19:21
08453fc6-3006-4ccc-aafa-db897f1b8572,cobra.cruises,available,8.24,46.23,medium,low,5,dynadot,,,28/09/2026 13:44
2d43e6a5-2dcc-45f9-9a53-7323e776c096,regards.cruises,available,44.71,44.71,medium,low,7,spaceship,,,28/09/2026 12:38
7c47b7ab-a11b-4580-8148-2ea45e2f075f,unyielding.cruises,available,14.99,81.99,high,low,10,name.com,,,14/08/2026 15:01
7f727fcf-e786-4fdc-99bd-c429918fd5e9,uptown.cruises,available,14.99,81.99,high,low,6,name.com,,,12/09/2026 23:28
d6847437-1bb3-4594-9525-48ae53fcbbed,tuned.cruises,available,8.24,46.23,medium,low,5,dynadot,,,28/09/2026 12:55
3bbc9905-66ee-4fa2-a93e-5e809a30d9fc,chapters.cruises,available,56.99,56.99,high,low,8,namesilo,,,29/09/2026 11:10
957f5380-ab61-4b5c-81d4-13b9b35862ac,sculptured.cruises,available,14.99,81.99,high,low,10,name.com,,,20/08/2026 18:52
8d0382d3-12ce-44ca-9b73-ecc9159aa6f8,devoted.cruises,available,14.99,81.99,high,low,7,name.com,,,24/09/2026 08:04
be3f994f-fe33-4d02-bef5-57099672739f,sumner.cruises,available,8.24,46.23,high,low,6,dynadot,,,29/09/2026 08:10
303883e6-90d3-471c-ad17-f395abd693b2,resonant.cruises,available,14.99,81.99,high,low,8,name.com,,,17/08/2026 15:19
fc8008b3-c73f-4672-84ad-5e9937bb0ce2,promotive.cruises,available,54.98,68.98,high,low,9,namecheap,,,09/09/2026 03:13
fd4fcd71-4880-4bd7-9a8b-04e58679e5c3,scrabble.cruises,available,56.99,56.99,high,low,8,namesilo,,,24/09/2026 23:30
a346af62-9b23-4612-9e7f-c1203eb7a594,absorbent.cruises,available,14.99,81.99,high,low,9,name.com,,,
dfd922fe-7eb3-47ab-9feb-78f87f4abcc8,passes.cruises,available,56.99,56.99,medium,low,6,namesilo,,,27/09/2026 02:49
2e4fefcf-d916-40dc-9907-8a6074954a3b,aim.cruises,available,56.99,56.99,high,medium,3,namesilo,,,25/09/2026 10:01
1a084b6b-d6b7-4c1c-b60b-fba5bddacc53,adapt.cruises,available,56.99,56.99,high,low,5,namesilo,,,28/09/2026 11:08
b6e3eb14-22d8-494f-afb3-f9f2a0584ae7,won.cruises,available,44.71,44.71,high,low,3,spaceship,,,28/09/2026 10:43
43596cdd-9989-4cff-bf5c-1f35e863a02f,accepted.cruises,available,54.98,68.98,high,low,8,namecheap,,,21/09/2026 15:25
41effde3-80ae-435c-9de6-bbcdc159d12a,carelessly.cruises,available,54.98,68.98,medium,low,10,namecheap,,,14/09/2026 05:19
67ac608d-c491-4f55-a5b3-6a7710613a02,aas.cruises,available,56.99,56.99,high,low,3,namesilo,,,16/09/2026 13:41
900b5296-c1d0-40da-9a39-e28f663cc12d,imitation.cruises,available,14.99,81.99,high,low,9,name.com,,,18/08/2026 00:14
ae4e6416-d6e2-4622-8071-89a429d7bb14,bengal.cruises,available,56.99,56.99,high,low,6,namesilo,,,23/09/2026 07:59
22e92171-713e-47f1-b013-68efbb71b428,propagated.cruises,available,14.99,,medium,low,10,name.com,,,
1f8944d7-40ea-4029-b870-bc3cbcf66e34,iceberg.cruises,available,56.99,56.99,high,low,7,namesilo,,,23/09/2026 09:15
b70fedcb-907d-40e8-943c-e0b7e0f2635e,biting.cruises,available,14.99,81.99,medium,low,6,name.com,,,08/08/2026 16:41
8792e256-bdfc-4711-bd03-241317bad395,duke.cruises,available,44.71,44.71,high,medium,4,spaceship,,,29/09/2026 17:06
89586f59-76ee-4887-8b63-15f861922a5f,quotation.cruises,available,95.99,95.99,high,low,9,godaddy,,,01/10/2026 01:28
58d5c564-fd7f-46a6-8ef2-c835dd766d26,connects.cruises,available,56.99,56.99,high,low,8,namesilo,,,29/09/2026 11:28
592722cb-dcff-483e-afc5-386dde509f65,hyderabad.cruises,available,44.71,44.71,medium,low,9,spaceship,,,28/09/2026 14:29
c136894a-8868-4a25-bcb3-ac1f2893e62d,perez.cruises,available,56.99,56.99,high,low,5,namesilo,,,25/09/2026 15:41
4fa4b495-90a9-4bbf-a256-1c27e2f5a768,ambivalence.cruises,available,14.99,,high,low,11,name.com,,,
e79c97b3-e1bb-4753-9182-643fbe32d6d8,migrant.cruises,available,14.99,81.99,high,low,7,name.com,,,24/08/2026 22:47
44c12785-b011-4d38-8830-aba23fca3229,speedway.cruises,available,44.71,44.71,high,low,8,spaceship,,,01/10/2026 03:48
d45d38f5-9cb8-4f76-b32c-bfbb653ac395,finer.cruises,available,14.99,81.99,high,low,5,name.com,,,18/08/2026 04:49
a2cb7a4d-a943-42ff-b1ee-70780807de7e,cernuous.cruises,available,14.99,81.99,medium,low,8,name.com,,,12/08/2026 00:44
4bd62c29-aebf-4c8d-8540-38a13c088ab3,dixie.cruises,available,43.2,43.2,medium,low,5,cloudflare,,,28/09/2026 09:26
f60153e5-f926-4b39-bf16-d6d38c2baa41,invincible.cruises,available,56.99,56.99,high,low,10,namesilo,,,25/09/2026 11:10
96c44214-852f-41e7-8288-e9a715531603,recess.cruises,available,56.99,56.99,medium,low,6,namesilo,,,28/09/2026 13:53
d8368122-e5d1-4c42-afa8-9417ae3570e7,laguna.cruises,available,44.71,44.71,high,low,6,spaceship,,,30/09/2026 10:22
7ad0f66c-eef8-42c2-961e-5a683fab6d54,impelling.cruises,available,14.99,81.99,medium,low,9,name.com,,,21/08/2026 22:04
e91820e2-9374-4fec-bdd1-b8b7973c5654,armadillo.cruises,available,56.99,56.99,high,low,9,namesilo,,,20/09/2026 06:27
0a6bfe6e-f3da-4df4-a793-91fa353ecf3c,cubist.cruises,available,14.99,81.99,high,low,6,name.com,,,13/08/2026 10:03
58b0bf19-e02e-47c3-a8e7-18ef029136be,nautilus.cruises,available,56.99,56.99,high,low,8,namesilo,,,20/09/2026 04:33
64c51ac7-4ad7-41c0-a9d3-1c2303f8a1c4,magnetism.cruises,available,56.99,56.99,high,low,9,namesilo,,,30/09/2026 10:31
b221e43d-66fc-4012-8a72-bba53c945a52,horary.cruises,available,14.99,81.99,medium,low,6,name.com,,,21/08/2026 13:58
a013039e-f7a8-47da-8922-0e0f52cd5a9d,spinner.cruises,available,43.2,43.2,high,low,7,cloudflare,,,01/10/2026 03:50
2a3fe72b-b543-47fc-9dcd-627270604a8a,souse.cruises,available,14.99,81.99,medium,low,5,name.com,,,
2117a874-996b-4d53-a3e0-c91d104158d3,adapted.cruises,available,56.99,56.99,high,low,7,namesilo,,,21/09/2026 17:02
396899ad-e4a8-4759-809a-6b5ad27fa0cf,ve.cruises,premium,102.67,102.67,high,low,3,spaceship,,,30/09/2026 21:19
6d2ddd49-e84e-44ed-bb60-223205891fab,slum.cruises,available,8.24,44.8,medium,low,4,porkbun,,,30/09/2026 02:54
99b4ef58-1f71-463d-b273-419fbe2352e8,knitting.cruises,available,56.99,56.99,high,low,8,namesilo,,,29/09/2026 01:31
7ac1b0b4-e57d-466d-87b3-6ccbe68202b1,illative.cruises,available,14.99,81.99,medium,low,8,name.com,,,21/08/2026 19:47
3b9ed006-14b2-4208-b0a0-5f7aaf75def4,poorly.cruises,available,56.99,56.99,medium,low,6,namesilo,,,25/09/2026 07:34
3320fabc-a1dd-4fcf-be57-49f8812a183b,peg.cruises,available,44.71,44.71,high,low,3,spaceship,,,27/09/2026 15:02
439144e6-dc96-4feb-b01d-3fc7ab9afeb9,visibly.cruises,available,56.99,56.99,medium,low,7,namesilo,,,16/09/2026 11:04
b09638e8-f270-458a-8d72-6db18de3c654,savannah.cruises,available,56.99,56.99,high,low,8,namesilo,,,30/09/2026 02:47
7a6d0256-a0e9-4d27-a9ed-a2b39244b4eb,plenty.cruises,available,14.99,81.99,high,low,6,name.com,,,17/08/2026 09:49
10e85737-3e96-45e1-9fed-80d31c59ebfc,seminal.cruises,available,14.99,81.99,high,low,7,name.com,,,18/08/2026 22:51
39acfc86-b506-499a-870d-df3ac611006a,lustful.cruises,available,14.99,81.99,medium,low,7,name.com,,,12/08/2026 20:18
c04d95db-8258-4b35-9fb3-d8daf11afd01,hold.cruises,available,56.99,56.99,high,low,4,namesilo,,,24/09/2026 23:26
dda944a0-713d-4804-83af-5b99f47c0c85,quentin.cruises,available,56.99,56.99,medium,low,7,namesilo,,,27/09/2026 01:36
739b21f1-820b-4ea1-80c1-f093cf458ef8,technicals.cruises,available,54.98,68.98,medium,low,10,namecheap,,,18/09/2026 20:39
ed21ff4c-aa0a-4cb1-b35a-09bdf79c7742,reformed.cruises,available,54.98,68.98,high,low,9,namecheap,,,09/09/2026 10:53
c423b472-12a5-4a36-8f4a-50a9e61b0a87,exeter.cruises,available,54.98,68.98,high,low,6,namecheap,,,25/09/2026 14:27
1277fc2a-547d-450d-876d-b7b325e8f7ca,conducive.cruises,available,14.99,81.99,high,low,9,name.com,,,12/08/2026 20:30
0759b2a1-b09d-4f76-8351-292a765972af,bellingham.cruises,available,56.99,56.99,high,low,10,namesilo,,,23/09/2026 06:12
f69f1d7e-6430-4f57-ab21-335e9306ff8a,abiders.cruises,available,56.99,56.99,medium,low,7,namesilo,,,18/09/2026 03:55
95a9e35d-7ee9-40fa-81ee-bb8a87551adc,necrotic.cruises,available,54.98,68.98,medium,low,8,namecheap,,,03/09/2026 14:45
dfd90a37-df5b-4ac0-9148-5540cfba929c,panoptic.cruises,available,14.99,81.99,medium,low,8,name.com,,,
b5612fe3-ad11-4f56-a108-c4e876abe806,relays.cruises,available,54.98,68.98,medium,low,6,namecheap,,,01/10/2026 18:27
a7596d33-acb7-470d-9615-f82f4e329815,whaling.cruises,available,44.71,44.71,medium,low,7,spaceship,,,02/10/2026 01:17
d0c667e2-a52d-4efd-89b3-fdf540b0b766,canonized.cruises,available,14.99,81.99,medium,low,9,name.com,,,11/08/2026 17:25
652ed127-492b-4b04-9233-cff4e9532b15,climax.cruises,available,56.99,56.99,high,low,6,namesilo,,,24/09/2026 15:38
a409470a-1366-4558-9a93-e1f895be950b,includes.cruises,available,44.71,44.71,low,low,8,spaceship,,,28/09/2026 08:22
714b9e27-5bdb-49cd-8727-d65bb61e24e9,subtly.cruises,available,56.99,56.99,medium,low,6,namesilo,,,16/09/2026 07:33
eab3376d-770d-41c0-996b-3de404a6e8ce,benumb.cruises,available,54.98,68.98,medium,low,6,namecheap,,,03/09/2026 22:47
84c7c064-ac7e-4580-8a82-ac4807644dc4,lichens.cruises,available,44.71,44.71,low,low,7,spaceship,,,29/09/2026 05:48
2a5c3d0c-ef84-45f0-a630-b163394dc562,unbiased.cruises,available,54.98,68.98,high,low,8,namecheap,,,12/09/2026 01:52
9dd30f65-b1db-4fdc-9609-dde8a2102371,leisure.cruises,premium,207.2,207.2,high,low,7,spaceship,,,01/10/2026 20:30
4db969e4-441c-4fdb-a9d2-e65ee0615e03,burning.cruises,available,56.99,56.99,high,low,7,namesilo,,,23/09/2026 11:45
dafe958c-f9bf-4cfa-9db3-d7b88c26e171,babbitt.cruises,available,56.99,56.99,medium,low,7,namesilo,,,21/09/2026 12:17
ec86d117-690d-4be8-90a2-81cf7beeb133,erica.cruises,available,44.71,44.71,high,low,5,spaceship,,,29/09/2026 00:50
88d2b3fa-44d5-425e-becc-ea5721e860a5,persisting.cruises,available,14.99,81.99,high,low,10,name.com,,,14/08/2026 15:05
3d35ee2b-d62e-4a6c-9322-a42751e453ec,connell.cruises,available,44.71,44.71,medium,low,7,spaceship,,,28/09/2026 22:06
7d6f6cc5-88bb-4767-8f9b-e1c6e4e337de,winston.cruises,available,56.99,56.99,high,low,7,namesilo,,,25/09/2026 14:24
d1fb2566-d316-4d28-bc81-1cb6a727322d,sewell.cruises,available,8.24,44.8,medium,low,6,porkbun,,,28/09/2026 22:10
b961876f-1135-4b44-8eca-639aebea881b,filming.cruises,available,43.2,43.2,high,low,7,cloudflare,,,29/09/2026 09:15
f41a1766-7479-4413-b1b3-21a54e7291bd,misprint.cruises,available,14.99,81.99,medium,low,8,name.com,,,24/08/2026 02:49
b73aabf0-f7fb-498e-91fc-2adefd5f2e67,menacingly.cruises,available,54.98,68.98,medium,low,10,namecheap,,,15/09/2026 14:03
bdedfe03-0ce1-46bc-aa7f-9a1b6d6de86f,varieties.cruises,available,56.99,56.99,medium,low,9,namesilo,,,01/10/2026 14:20
a1fb00a3-e7b5-4337-b45c-e0555129cdb2,portend.cruises,available,56.99,56.99,medium,low,7,namesilo,,,21/09/2026 03:29
813fcdc7-c6d6-40d5-ba5f-83275317a2b2,anser.cruises,available,56.99,56.99,medium,low,5,namesilo,,,19/09/2026 12:03
e3e51ef6-fc2d-4beb-abaa-2aee64d59088,carteret.cruises,available,43.2,43.2,high,low,8,cloudflare,,,01/10/2026 11:26
c699fb0c-bf76-4ff4-9fa1-0026a973cbd8,crust.cruises,available,56.99,56.99,high,low,5,namesilo,,,24/09/2026 14:05
c532d1e6-17f0-4933-8da9-29d841b85185,agenda.cruises,available,56.99,56.99,high,low,6,namesilo,,,17/09/2026 17:02
3136ab89-1a25-4530-ae75-c2bac33127d3,lumber.cruises,available,56.99,56.99,high,low,6,namesilo,,,22/09/2026 10:02
9076d15a-1083-4e83-b993-43f212e31a7d,alee.cruises,available,54.98,68.98,medium,low,4,namecheap,,,13/09/2026 18:38
8871d01c-91bd-4547-a09f-f1c6ba95da1c,feather.cruises,available,8.24,44.8,high,low,7,porkbun,,,29/09/2026 19:02
c4cdedb3-1c41-4c04-8330-d666438a99d0,galley.cruises,available,56.99,56.99,high,low,6,namesilo,,,01/10/2026 01:14
090c943c-01ba-4089-8ec0-9276751c8397,bahaism.cruises,available,54.98,68.98,medium,low,7,namecheap,,,21/09/2026 18:33
fd14804b-c466-41cd-98a2-8b1e010396e4,freezer.cruises,available,8.24,46.23,high,low,7,dynadot,,,29/09/2026 07:08
35a992c9-53ea-4b71-a5b0-4b68b716a6ad,nautical.cruises,available,14.99,81.99,high,low,8,name.com,,,24/08/2026 15:58
7c396a9b-6ef3-4269-9602-1b7ca13bc9e8,abstract.cruises,available,56.99,56.99,high,low,8,namesilo,,,21/09/2026 15:10
1b2f6777-6562-4349-99ca-3c217da30bde,naomi.cruises,available,8.24,44.8,medium,low,5,porkbun,,,28/09/2026 14:57
c3a37a83-60ee-4627-8766-aa2fa4f62973,triple.cruises,available,95.99,95.99,high,low,6,godaddy,,,28/09/2026 02:16
8c65b818-53dd-4704-bd71-2c14a676c22b,dependable.cruises,available,14.99,81.99,high,low,10,name.com,,,14/08/2026 02:04
8b8b8885-3526-4b55-8df9-0224ffe4cf88,extropic.cruises,available,14.99,81.99,medium,low,8,name.com,,,17/08/2026 19:38
d12c653c-e175-4b47-8d9d-3e9ec104c790,forgery.cruises,available,14.99,81.99,medium,low,7,name.com,,,13/08/2026 03:36
817e4930-aab8-4d25-a737-023b29febed8,rushed.cruises,available,54.98,68.98,high,low,6,namecheap,,,27/09/2026 17:29
d789256d-3590-4bcd-bca3-221c47cf1eb2,agastache.cruises,available,54.98,68.98,medium,low,9,namecheap,,,17/09/2026 16:24
2d07935e-b93f-4de3-8ae4-6f028fb73004,ossified.cruises,available,14.99,81.99,medium,low,8,name.com,,,18/08/2026 13:15
19953ae4-3e2f-43de-a756-2b032de1a99d,hernandez.cruises,available,54.98,68.98,high,low,9,namecheap,,,25/09/2026 16:13
5e8bfceb-16c7-4783-8fb2-2376993aeb83,mobilized.cruises,available,56.99,56.99,medium,low,9,namesilo,,,01/10/2026 23:11
3b68ff4f-455e-4aac-bb3a-35aef4408ad7,rolled.cruises,available,14.99,81.99,high,low,6,name.com,,,18/08/2026 18:46
025d67f0-9b54-4223-88bd-cda22e754d37,miner.cruises,available,44.71,44.71,high,low,5,spaceship,,,29/09/2026 19:40
3c5ab9a1-c10a-46ad-b1d9-a354ce081d40,attendance.cruises,available,54.98,68.98,high,low,10,namecheap,,,21/09/2026 01:23
d4b7daa3-df9e-4b84-b6d6-ff0866c0b9e7,vagal.cruises,available,54.98,68.98,medium,low,5,namecheap,,,08/09/2026 22:07
3e2c54e9-57de-42f6-a565-34bd1fec8669,actors.cruises,available,14.99,,medium,low,6,name.com,,,
e7da4f1d-dfc1-431f-8aeb-c86a8554ff59,promenade.cruises,available,56.99,56.99,high,low,9,namesilo,,,18/09/2026 16:56
08a9c73f-469e-4731-ad4f-d1e8cdf20935,ailment.cruises,available,14.99,81.99,medium,low,7,name.com,,,21/08/2026 18:47
f659c63a-ed4e-474e-84bb-bb4141fc9dff,risked.cruises,available,56.99,56.99,medium,low,6,namesilo,,,30/09/2026 00:38
1ff381e4-9bb8-42cc-987e-51678a304b71,substitution.cruises,available,14.99,,high,low,12,name.com,,,
2241397c-e131-4cde-9c02-29406e9a8f23,grayish.cruises,available,14.99,81.99,medium,low,7,name.com,,,20/08/2026 18:56
de6199f9-983f-40f1-8404-b096b58f2722,mavin.cruises,available,14.99,81.99,high,low,5,name.com,,,
87b5fb42-3272-46fe-bab2-cc9d6b7c0387,polydactyl.cruises,available,54.98,68.98,medium,low,10,namecheap,,,08/09/2026 23:13
e6762bf9-6128-411e-ba19-2d0286daa9de,slack.cruises,available,14.99,81.99,high,low,5,name.com,,,22/08/2026 21:24
85d4fdf8-49c0-4b69-9340-1a44da7d9b8b,user.cruises,available,56.99,56.99,high,medium,4,namesilo,,,25/09/2026 00:16
4041f262-b42a-44a8-8467-22f97fdc8ac6,plodding.cruises,available,54.98,68.98,medium,low,8,namecheap,,,08/09/2026 21:17
b66f5555-ea79-462a-8295-d2b584d2a269,create.cruises,available,56.99,56.99,high,medium,6,namesilo,,,19/09/2026 12:28
be773ab8-4a9a-4149-9349-3f99cc0e23a0,grinding.cruises,available,44.71,44.71,medium,low,8,spaceship,,,28/09/2026 19:23
9c3eceb2-115d-411d-8946-b6df6836422a,connie.cruises,available,56.99,56.99,high,low,6,namesilo,,,25/09/2026 12:17
6633fa5f-c96d-4071-ae46-4ffc329b4c15,pike.cruises,available,44.71,44.71,high,low,4,spaceship,,,28/09/2026 14:07
fb5c1269-a998-4592-ac03-ec8fd9107f42,touring.cruises,available,56.99,56.99,high,low,7,namesilo,,,30/09/2026 21:53
5a9ba21a-3fad-4072-9cc4-0505d5cf9aff,geiger.cruises,available,44.71,44.71,high,low,6,spaceship,,,01/10/2026 02:15
8100f083-9a07-4b0d-8b43-c43b4bf5df65,pudding.cruises,available,54.98,68.98,high,low,7,namecheap,,,28/09/2026 15:09
4cfe40bb-212b-4e03-bd8c-b546a0629e8a,unmarked.cruises,available,54.98,68.98,medium,low,8,namecheap,,,04/09/2026 21:06
507892a5-5317-4a5a-b500-c2210014d015,pipes.cruises,available,56.99,56.99,high,low,5,namesilo,,,27/09/2026 22:20
3114416a-d41f-42e5-8cb0-02ba671dde91,bitty.cruises,available,14.99,81.99,high,low,5,name.com,,,10/08/2026 07:51
409168ad-5c2e-4df6-a465-16c7aa545efb,muni.cruises,available,8.24,44.8,high,low,4,porkbun,,,30/09/2026 12:26
30785341-215c-4dee-8f66-fc41a0244637,munchausen.cruises,available,56.99,56.99,medium,low,10,namesilo,,,22/09/2026 07:14
8cf55919-b47f-436d-a12e-20462783af34,kurt.cruises,available,54.98,68.98,high,low,4,namecheap,,,25/09/2026 13:27
029a3123-271f-40be-a7ca-ca939c723652,gasp.cruises,available,56.99,56.99,high,low,4,namesilo,,,01/10/2026 19:41
b782adbe-90b0-4349-975c-e587b561be22,biome.cruises,available,54.98,68.98,high,low,5,namecheap,,,23/09/2026 18:30
309cecdd-6df6-4354-aa01-d7d4417c315d,mancini.cruises,available,44.71,44.71,medium,low,7,spaceship,,,30/09/2026 13:51
30400971-9069-4c4c-85f9-c14ec9ae9c71,confucius.cruises,available,56.99,56.99,high,low,9,namesilo,,,24/09/2026 17:15
4d76c815-bd90-424b-a188-d22561bab973,canary.cruises,available,14.99,81.99,high,low,6,name.com,,,11/08/2026 16:10
100e42a6-f906-4bda-9b68-8f9080745d89,avery.cruises,available,56.99,56.99,high,low,5,namesilo,,,25/09/2026 15:31
f58789d6-2006-4b33-82d9-c8104c43eacd,vin.cruises,premium,68.51,68.51,high,low,3,spaceship,,,30/09/2026 11:43
9e394814-79f6-43b5-9d50-509ac4f98cc8,springbuck.cruises,available,54.98,68.98,medium,low,10,namecheap,,,19/09/2026 14:19
f5c949a2-39d7-42c2-898c-2e4c1403a04a,beanbag.cruises,available,54.98,68.98,high,low,7,namecheap,,,22/09/2026 20:20
7c9b9123-0b14-4c4d-8ec2-0fabac05c514,treats.cruises,available,56.99,56.99,medium,low,6,namesilo,,,28/09/2026 05:00
afa1a18e-b400-4669-a568-81b066dfb4af,gates.cruises,available,44.71,44.71,high,low,5,spaceship,,,29/09/2026 02:38
b530bf60-e824-44ae-b89e-ade3fdbdac88,bibos.cruises,available,56.99,56.99,low,low,5,namesilo,,,23/09/2026 13:02
d606aa3a-9bf7-45df-a9bf-43fb76db14f9,siding.cruises,available,44.71,44.71,high,low,6,spaceship,,,29/09/2026 20:06
955e7780-cd6f-40a9-9785-fb8fa9562027,extralegal.cruises,available,14.99,81.99,medium,low,10,name.com,,,17/08/2026 19:14
59d1035f-9843-4449-a8bb-6f5d5340f300,airplanes.cruises,available,43.2,43.2,medium,low,9,cloudflare,,,28/09/2026 22:55
0098cdaa-bbc1-40d6-b623-09ec0a5bcfdc,pirate.cruises,premium,128.7,128.7,high,low,6,namecheap,,,29/09/2026 04:52
9c9dd325-8a69-41b2-8ec5-1944abd97d08,tyrant.cruises,available,56.99,56.99,medium,low,6,namesilo,,,21/09/2026 06:08
cccde7ec-02e9-4523-8428-0f5d9691c820,jamming.cruises,available,43.2,43.2,medium,low,7,cloudflare,,,01/10/2026 19:23
67e53540-3051-4e39-b52c-a46aece23ac7,elkins.cruises,available,43.2,43.2,medium,low,6,cloudflare,,,29/09/2026 15:44
021b685e-12ae-431e-96c5-7082b83ae2c4,handbill.cruises,available,14.99,81.99,medium,low,8,name.com,,,11/08/2026 05:06
73057048-b783-4db1-a159-f65b89a50535,unchanged.cruises,available,54.98,68.98,high,low,9,namecheap,,,12/09/2026 00:32
348985d5-5be8-4c96-8bca-60938a913bdc,sleeves.cruises,available,8.24,46.23,medium,low,7,dynadot,,,29/09/2026 10:37
b4e0bb24-cdc1-4ee5-a8b3-cd1e9ddbd6bd,prolonged.cruises,available,14.99,81.99,high,low,9,name.com,,,14/08/2026 18:34
a3d1ab21-04d7-425c-8042-ae6d0a78de89,nimbly.cruises,available,54.98,68.98,medium,low,6,namecheap,,,13/09/2026 18:18
3ff60f07-86c1-4360-8fd2-88c2a54ec6af,racket.cruises,available,54.98,68.98,medium,low,6,namecheap,,,28/09/2026 14:13
20b515ad-97ed-4732-8cfd-2bdbe3bc9d02,watercress.cruises,available,14.99,81.99,medium,low,10,name.com,,,13/08/2026 06:18
07909687-6289-465a-8671-1a974d26b362,lunched.cruises,available,56.99,56.99,medium,low,7,namesilo,,,21/09/2026 04:17
413a9b64-05c9-468e-9b44-80270689e396,wharton.cruises,available,56.99,56.99,high,low,7,namesilo,,,25/09/2026 22:32
7c946205-5ace-4d12-8e75-6691817628c0,regal.cruises,available,56.99,56.99,high,low,5,namesilo,,,19/09/2026 11:09
52886c6f-3f09-4d16-b81f-223ef3eab57e,wegener.cruises,available,56.99,56.99,medium,low,7,namesilo,,,18/09/2026 06:39
4f761117-a6ac-4c30-b83f-c573248cc1d5,bds.cruises,available,43.2,43.2,high,low,3,cloudflare,,,30/09/2026 05:27
e6246bfc-3e43-4faa-bbe6-a778822ef460,madam.cruises,available,56.99,56.99,high,low,5,namesilo,,,24/09/2026 10:51
8f968b44-a7b2-4b75-ab4a-fa9a7780b613,hamburger.cruises,available,43.2,43.2,high,low,9,cloudflare,,,29/09/2026 01:50
ac35c89a-e807-467f-a4b1-a8f09518385a,clad.cruises,available,14.99,81.99,high,low,4,name.com,,,12/08/2026 09:13
af906b2d-2ce7-45ec-b877-cdde7edb06e2,conferences.cruises,available,44.71,44.71,medium,low,11,spaceship,,,30/09/2026 07:38
3437b3c9-90e9-48d8-b0b3-254d0f7fae67,activewear.cruises,available,56.99,56.99,high,low,10,namesilo,,,17/09/2026 05:14
27afaa3f-2331-4da9-93ac-41cb602192fd,pinched.cruises,available,14.99,81.99,high,low,7,name.com,,,10/08/2026 18:58
059d7287-c709-4808-ad59-50d77ea67052,adopted.cruises,available,14.99,81.99,high,low,7,name.com,,,
5fe16f06-fcbb-46ca-a05a-cdf2de78a976,thaw.cruises,available,14.99,81.99,high,low,4,name.com,,,24/08/2026 19:45
58f74ccb-998e-4b79-93dc-ca29c4b4873c,circus.cruises,available,54.98,68.98,high,low,6,namecheap,,,29/09/2026 09:23
acab3c43-0e66-4e44-b1c6-b9f65ae4d97b,socket.cruises,available,43.2,43.2,high,low,6,cloudflare,,,29/09/2026 13:58
7f0c8471-297d-43c5-aa02-89abbf72da3c,selkirk.cruises,available,56.99,56.99,medium,low,7,namesilo,,,18/09/2026 05:50
494e87e7-f522-401b-ba4a-a5698039ccdd,redevelopment.cruises,available,44.71,44.71,medium,low,13,spaceship,,,01/10/2026 03:37
cf19b52c-d604-4a45-b8d3-c1d78f422c8f,cattish.cruises,available,14.99,81.99,medium,low,7,name.com,,,10/08/2026 07:28
9b8dcc1c-1198-426b-8c22-916990933ca6,heuristics.cruises,available,56.99,56.99,medium,low,10,namesilo,,,02/10/2026 02:40
a4ad488f-b8ff-43b1-accf-c34695f6d815,bmdo.cruises,available,56.99,56.99,medium,low,4,namesilo,,,21/09/2026 22:57
fdcf0432-cadc-4302-8b20-eb0ec56339ac,hof.cruises,available,8.24,44.8,high,low,3,porkbun,,,30/09/2026 19:41
a329fe94-e015-47b0-b43e-32ecaad87e63,outdoorsy.cruises,available,54.98,68.98,high,low,9,namecheap,,,04/09/2026 19:14
0f5ed29b-5f84-4d51-a4eb-0a1a79beeb29,railroads.cruises,available,56.99,56.99,medium,low,9,namesilo,,,30/09/2026 07:33
0f92c08f-f1f8-4534-bfd9-1aba03a12a9f,countable.cruises,available,14.99,81.99,high,low,9,name.com,,,13/08/2026 03:28
f2b283c2-ca6c-438f-98d2-cc8acdd65312,interruption.cruises,available,54.98,68.98,medium,low,12,namecheap,,,29/09/2026 15:58
97167d12-1d6e-49be-abee-a5b51c20a03f,investor.cruises,available,8.24,44.8,high,medium,8,porkbun,,,01/10/2026 14:20
d5a87a0a-601c-4dca-866a-450d91d7105d,firmament.cruises,available,14.99,81.99,high,low,9,name.com,,,16/08/2026 20:58
ea17a9cc-01d8-4a70-8f85-7887c3f92ea5,sepaline.cruises,available,54.98,68.98,medium,low,8,namecheap,,,10/09/2026 03:55
5e5e54ff-bfd5-4c32-b68d-3711f102c6c3,cohen.cruises,available,56.99,56.99,high,low,5,namesilo,,,27/09/2026 03:21
93534c34-64bd-4b51-9f10-c86b21d1ce2c,augusta.cruises,available,56.99,56.99,high,low,7,namesilo,,,21/09/2026 03:54
0678110c-b192-42f8-9031-7182ca76cc2e,restfully.cruises,available,54.98,68.98,medium,low,9,namecheap,,,15/09/2026 23:24
78a7497c-9edf-4d9d-9e6a-104a1581a31d,fca.cruises,available,44.71,44.71,high,low,3,spaceship,,,30/09/2026 19:55
03735f9e-54cd-4fc9-95dc-a079f44a79ab,analgesic.cruises,available,14.99,81.99,medium,low,9,name.com,,,
945de9f5-9bbf-4bde-b25f-c0c74d22132b,dozen.cruises,available,56.99,56.99,high,low,5,namesilo,,,21/09/2026 11:29
b95ed59d-4bea-4fd8-b7f7-375090b0b147,bounce.cruises,available,56.99,56.99,high,low,6,namesilo,,,23/09/2026 01:22
d2f8636e-198f-4d1d-a8a5-43c9cd921ca1,lettres.cruises,available,44.71,44.71,medium,low,7,spaceship,,,29/09/2026 05:30
cb5f9930-d847-4135-869e-30e760baa113,middle.cruises,available,56.99,56.99,high,low,6,namesilo,,,23/09/2026 13:24
d8771ee9-aeff-427c-b8a1-19cfd2ab48d9,view.cruises,premium,102.67,102.67,high,medium,4,spaceship,,,29/09/2026 18:48
1ddd24a8-cda4-4c36-b35d-1e7c1a3af94e,electrical.cruises,available,14.99,81.99,high,low,10,name.com,,,16/08/2026 02:39
50d85b13-2a85-4e7f-9fa2-91abf7d34202,circuitry.cruises,available,56.99,56.99,high,low,9,namesilo,,,28/09/2026 02:48
e1b046cb-9a4c-4721-8c1e-53cea6c87a56,touching.cruises,available,14.99,81.99,high,low,8,name.com,,,
6507d0a5-f904-4122-96c6-d35779d89d20,ninefold.cruises,available,54.98,68.98,medium,low,8,namecheap,,,03/09/2026 17:31
7e7b50f6-a572-41ad-b76c-9ec2fc37264a,queensland.cruises,resell,,,high,low,10,Porkbun LLC,24/06/2026 23:44,24/06/2027 23:44,26/09/2026 08:26
ed263532-38e1-4c4c-ad5d-b7c9ae6552f2,solved.cruises,available,54.98,68.98,high,low,6,namecheap,,,10/09/2026 13:46
14368367-f2da-44c4-9a90-b13e962f822d,clinging.cruises,available,43.2,43.2,medium,low,8,cloudflare,,,30/09/2026 19:49
7471ff7c-954d-4c7b-99bb-e27cf88d7d30,woods.cruises,available,44.71,44.71,high,low,5,spaceship,,,29/09/2026 19:51
aa0bc88b-1afe-4b3a-887a-3990531c7497,poultry.cruises,available,56.99,56.99,high,low,7,namesilo,,,24/09/2026 23:24
0c548e29-482a-4a3c-9d9a-e2d295a34c9e,alkaloid.cruises,available,56.99,56.99,medium,low,8,namesilo,,,18/09/2026 08:21
dd9857ae-a924-475e-8c0f-e2e9b40ad300,caligula.cruises,available,44.71,44.71,high,low,8,spaceship,,,02/10/2026 04:13
bd1a7084-47d9-4004-b58d-9cec1a2ac7c0,tranquil.cruises,available,14.99,81.99,high,low,8,name.com,,,11/08/2026 14:53
f6f03364-6cca-4cc0-9d2a-0798132bab7f,watches.cruises,available,56.99,56.99,high,low,7,namesilo,,,16/09/2026 10:07
c24339a4-839c-43d9-92cd-e39e95645633,hungarian.cruises,available,14.99,81.99,high,low,9,name.com,,,21/08/2026 15:39
39fa6403-7420-4c28-b977-c443e0b14018,believer.cruises,available,56.99,56.99,high,low,8,namesilo,,,23/09/2026 05:13
07bb22d5-6af4-4c1c-b475-dff1c104e70f,betoken.cruises,available,56.99,56.99,medium,low,7,namesilo,,,21/09/2026 03:31
5ff3c85e-3b09-4af6-9ad3-f3a7422a7a6c,frankford.cruises,available,56.99,56.99,medium,low,9,namesilo,,,01/10/2026 23:38
6c53bc01-1f14-46f3-a60c-167bbbc13d42,despise.cruises,available,56.99,56.99,high,low,7,namesilo,,,29/09/2026 15:39
f70425cb-2b7c-4790-a5d8-6d4820da9550,attitudes.cruises,available,44.71,44.71,medium,low,9,spaceship,,,29/09/2026 23:34
d00ce195-c416-4bb4-9478-651dca513dd0,temporarily.cruises,available,14.99,,medium,low,11,name.com,,,
5ae4d9d3-f017-4771-94c3-fb22fc6a3a75,onerous.cruises,available,14.99,81.99,medium,low,7,name.com,,,11/08/2026 10:31
8010092f-8976-445d-9cd9-492fb15794e5,maroon.cruises,available,14.99,81.99,high,low,6,name.com,,,11/08/2026 06:33
179d5b5b-fb68-407d-98ec-bc6a21a2099b,biggin.cruises,available,56.99,56.99,medium,low,6,namesilo,,,23/09/2026 15:08
bcc22017-1f3e-4993-aaa1-3aad7efd1016,uncommon.cruises,available,54.98,68.98,high,low,8,namecheap,,,12/09/2026 05:57
e96a6431-3377-41bb-9b75-5488e324d3b8,asperity.cruises,available,56.99,56.99,medium,low,8,namesilo,,,20/09/2026 14:51
27c52909-6bb9-4292-8a10-d5969e519deb,tuneless.cruises,available,54.98,68.98,medium,low,8,namecheap,,,11/09/2026 21:05
d3c84b78-8629-4a6f-8acc-3db706203ca0,bergenia.cruises,available,56.99,56.99,medium,low,8,namesilo,,,23/09/2026 09:20
e9740e90-6ebc-4055-9a2c-45055fa85c4f,beefalo.cruises,available,56.99,56.99,medium,low,7,namesilo,,,23/09/2026 01:04
ae5f6b95-2435-49d8-a918-167410dc9b42,changes.cruises,available,14.99,,medium,low,7,name.com,,,
4bc49fdd-82f8-4e62-8b25-b538c7f8e791,blissfully.cruises,available,54.98,68.98,high,low,10,namecheap,,,14/09/2026 00:23
4ae882b6-86b4-4263-b8f8-157131b084ee,implies.cruises,available,8.24,46.23,medium,low,7,dynadot,,,29/09/2026 15:58
12975c10-2bdd-4a59-925b-cd97ee5e1835,improves.cruises,available,43.2,43.2,medium,low,8,cloudflare,,,01/10/2026 18:23
bdb06df5-7a99-47f9-8171-724879fb4006,endless.cruises,available,14.99,81.99,high,low,7,name.com,,,13/08/2026 18:44
d06ff272-2c3e-4fad-a9a0-dc2f0dbdb867,absorbance.cruises,available,54.98,68.98,high,low,10,namecheap,,,16/09/2026 18:11
9eb23087-1e5d-42d7-9272-228825f2f166,rightness.cruises,available,56.99,56.99,medium,low,9,namesilo,,,19/09/2026 22:23
0f1d48ca-0499-493a-9cd7-896884921046,unloaded.cruises,available,54.98,68.98,medium,low,8,namecheap,,,12/09/2026 15:03
e73c7815-eb84-4c32-8c69-bb61d5c1b245,alcyone.cruises,available,14.99,81.99,medium,low,7,name.com,,,20/08/2026 22:22
4984156c-6eb4-4cff-8966-3dfbe3645684,jerking.cruises,available,14.99,81.99,medium,low,7,name.com,,,06/08/2026 21:58
0ce477fb-01b2-4351-8581-c096d44c7aa4,carmelite.cruises,available,14.99,81.99,medium,low,9,name.com,,,11/08/2026 19:22
b7b6a65c-7641-41a5-b1a5-8112833560d4,opioids.cruises,available,44.71,44.71,low,low,7,spaceship,,,30/09/2026 16:12
c112420a-955b-4a32-ac2f-ed31479e6779,caruso.cruises,available,56.99,56.99,medium,low,6,namesilo,,,30/09/2026 01:00
8458bb90-7540-4b34-8fbb-f049777da12a,practitioner.cruises,available,43.2,43.2,high,low,12,cloudflare,,,29/09/2026 14:23
9cd33d99-8ba1-4fbd-8e55-e71dff5352a1,existent.cruises,available,14.99,81.99,medium,low,8,name.com,,,
15e7e224-f156-4196-a551-cb11138616cc,threshold.cruises,available,56.99,56.99,high,low,9,namesilo,,,24/09/2026 10:33
ee420021-4045-4633-8d40-3907e1da0d5b,bern.cruises,available,43.2,43.2,high,low,4,cloudflare,,,29/09/2026 02:12
05c35e16-ba5e-4253-a8d0-e127352a70e7,stuffed.cruises,available,54.98,68.98,high,low,7,namecheap,,,10/09/2026 23:02
935ed6b0-065f-415d-a574-5d732071bc54,payable.cruises,available,14.99,81.99,high,low,7,name.com,,,12/08/2026 16:58
2a2b183a-d017-4166-8700-62a8b2b38c38,needle.cruises,available,56.99,56.99,high,low,6,namesilo,,,28/09/2026 17:37
eaaa361d-c3ae-492b-a300-5dfd663bfb43,instal.cruises,available,44.71,44.71,high,low,6,spaceship,,,30/09/2026 20:23
880dfedd-9154-4111-b239-3313404a508b,wavy.cruises,available,14.99,81.99,high,low,4,name.com,,,13/08/2026 06:54
a439084b-fdd9-4d21-bfe4-860663558cb7,oops.cruises,available,56.99,56.99,high,low,4,namesilo,,,01/10/2026 04:35
473859e1-bca4-46bd-91ba-84835c4a09a0,widely.cruises,available,56.99,56.99,medium,low,6,namesilo,,,28/09/2026 16:47
b06385ea-c870-44e4-bb50-bf33d4b9be0f,selecting.cruises,available,44.71,44.71,medium,low,9,spaceship,,,01/10/2026 16:17
d17db5fd-1f4a-4741-a4b7-78802c0b40d0,diapers.cruises,available,44.71,44.71,medium,low,7,spaceship,,,02/10/2026 02:13
1ebe4917-f8cc-4021-a5f1-db733c661ec5,bluish.cruises,available,56.99,56.99,high,low,6,namesilo,,,22/09/2026 22:47
fc950273-7f80-41c2-8e17-4fdeed0f17d9,tca.cruises,available,44.71,44.71,high,low,3,spaceship,,,30/09/2026 20:56
ec073fc1-81b4-4c6a-a6d3-63e382e195ba,cocks.cruises,available,54.98,68.98,medium,low,5,namecheap,,,18/09/2026 23:39
f9a678d8-3fa5-4e32-bb7f-4c18d860d34c,defaults.cruises,available,56.99,56.99,low,low,8,namesilo,,,21/09/2026 07:23
31089fa4-19ab-4ea7-bab3-f0dce545a202,comics.cruises,available,14.99,,high,low,6,name.com,,,
07e38b27-1c5e-41f1-98a0-43e1d5cfb6f1,nerd.cruises,available,44.71,44.71,high,medium,4,spaceship,,,29/09/2026 17:17
4f6b567f-7ba8-46b0-8754-de0d44c78764,obedient.cruises,available,54.98,68.98,high,low,8,namecheap,,,03/09/2026 23:30